Detuning,Channel 3 Avg Count Rate,Channel 4 Avg Count Rate
-2.0,50591.0,15763.5
-1.9,56546.75,17559.0
-1.7999999999999998,72210.75,20378.5
-1.6999999999999997,65545.25,20936.75
-1.5999999999999996,86257.25,25309.0
-1.4999999999999996,92049.5,27018.25
-1.3999999999999995,111460.75,34943.25
-1.2999999999999994,114393.0,37827.25
-1.1999999999999993,125379.5,38985.75
-1.0999999999999992,147183.0,44809.5
-0.9999999999999991,178750.25,56471.75
-0.899999999999999,213472.75,67633.75
-0.7999999999999989,274722.0,81626.0
-0.6999999999999988,334885.5,101378.25
-0.5999999999999988,400772.0,124292.25
-0.49999999999999867,487565.5,153924.0
-0.3999999999999986,708735.25,222719.0
-0.2999999999999985,870037.25,289214.25
-0.1999999999999984,1264445.25,415013.75
-0.09999999999999831,1670923.75,564073.75
1.7763568394002505e-15,1979865.25,675305.0
0.10000000000000187,2262985.25,765107.0
0.20000000000000195,2230304.5,742143.5
0.30000000000000204,1832875.5,616789.25
0.40000000000000213,1478174.25,456154.75
0.5000000000000022,1129019.0,334057.0
0.6000000000000023,745056.5,233339.25
0.7000000000000024,562625.0,177072.25
0.8000000000000025,420383.25,134355.75
0.9000000000000026,374736.75,108459.75
1.0000000000000027,256786.0,74995.75
1.1000000000000028,199304.5,66970.5
1.2000000000000028,190178.75,55564.25
1.300000000000003,155673.0,45130.75
1.400000000000003,106901.75,36133.25
1.500000000000003,107455.75,32956.25
1.6000000000000032,98288.0,27274.5
1.7000000000000033,78245.0,23625.25
1.8000000000000034,60608.5,20415.25
1.9000000000000035,53564.25,17996.5
2.0000000000000036,58678.25,17185.5
