Detuning (MHz),Average Counts,Average Count Error
-2.0,81453.25,521.533540987538
-1.9,88510.0,444.9428263833456
-1.7999999999999998,98302.0,615.9085717458396
-1.6999999999999997,110434.0,444.110065186548
-1.5999999999999996,122499.25,570.7676601516592
-1.4999999999999996,136612.5,785.5522181879445
-1.3999999999999995,160974.75,1341.9258257724234
-1.2999999999999994,190305.25,1312.5015226181645
-1.1999999999999993,220403.0,1640.8327687488447
-1.0999999999999992,262772.5,1845.3781353695508
-0.9999999999999991,319320.0,3291.105846634228
-0.899999999999999,391817.25,3937.989548535522
-0.7999999999999989,493383.25,5283.108969572272
-0.6999999999999988,620730.0,8562.90134095915
-0.5999999999999988,764127.75,10811.595562606613
-0.49999999999999867,1061053.5,13894.232212054758
-0.3999999999999986,1435813.5,28007.144970859667
-0.2999999999999985,1977333.5,31412.249452840846
-0.1999999999999984,2509786.0,72814.76739589815
-0.09999999999999831,3176430.75,32591.33350251068
1.7763568394002505e-15,3406283.5,4914.620200864966
0.10000000000000187,3190988.75,23149.149063936995
0.20000000000000195,2726769.25,32126.792895251387
0.30000000000000204,1899623.5,37610.51736798498
0.40000000000000213,1399898.75,16792.47388741084
0.5000000000000022,1070669.25,18442.079005548017
0.6000000000000023,758500.75,10927.154845126657
0.7000000000000024,601257.5,8717.699627051852
0.8000000000000025,471017.0,8445.098741281832
0.9000000000000026,365462.5,3667.551464362838
1.0000000000000027,298698.0,2245.2094487486015
1.1000000000000028,254817.25,2223.524493203302
1.2000000000000028,211448.0,2177.9134725121653
1.300000000000003,175869.0,1148.8637103677702
1.400000000000003,150627.75,1351.9534928668959
1.500000000000003,130281.75,660.0419375880597
1.6000000000000032,115086.5,857.7098358419356
1.7000000000000033,102438.25,451.8457666892543
1.8000000000000034,91049.75,444.99808637228995
1.9000000000000035,82516.25,402.6682373555182
2.0000000000000036,73279.25,463.62088162096404
