detuning_MHz,efficiency_chan3,efficiency_chan4
-0.8,2.1955402229888508,0.6048197590120494
-0.75,2.35685,0.6698
-0.7,2.6635,0.75675
-0.6499999999999999,2.6298,0.7375
-0.5999999999999999,3.12105,0.88225
-0.5499999999999998,3.5904,1.02165
-0.4999999999999998,4.0444,1.1743
-0.44999999999999973,4.12515,1.19365
-0.3999999999999997,6.36915,1.90945
-0.34999999999999964,7.1109,2.13695
-0.2999999999999996,8.91255,2.7525
-0.24999999999999956,8.4509,2.5445
-0.1999999999999995,8.77625,2.6446
-0.14999999999999947,11.497842105263159,3.6127368421052632
-0.09999999999999942,12.381105263157895,3.9004736842105263
-0.04999999999999938,12.872263157894738,4.067421052631579
6.661338147750939e-16,12.838631578947368,4.044842105263158
0.05000000000000071,13.532789473684211,4.265789473684211
0.10000000000000075,12.852368421052631,4.004421052631579
0.1500000000000008,12.697263157894737,3.9422105263157894
0.20000000000000084,11.541578947368421,3.5086315789473685
0.2500000000000009,11.601,3.564736842105263
0.30000000000000093,10.45678947368421,3.1729473684210525
0.350000000000001,8.22945,2.4451
0.400000000000001,8.3954,2.5013
0.45000000000000107,7.2797,2.09795
0.5000000000000011,5.6612,1.63175
0.5500000000000012,5.06425,1.45075
0.6000000000000012,4.56545,1.2949
0.6500000000000012,4.11305,1.15595
0.7000000000000013,4.12375,1.14525
0.7500000000000013,3.5501,1.0089
0.8000000000000014,3.67115,1.0267
