185,16,185,16
284,13,288,11
245,26,246,23
402,25,414,20
411,32,409,27
466,29,475,21
460,25,475,21
435,20,445,15
433,16,437,11
319,30,324,25
331,15,334,15
288,11,9,284
373,8,6,372
369,16,11,376
463,23,18,458
491,13,9,481
647,24,19,640
527,20,16,516
510,16,11,511
543,10,10,538
516,22,17,516
420,20,17,422
214,20,17,215
245,20,16,244
292,20,17,292
335,17,15,330
423,17,13,427
500,16,11,509
510,25,19,502
529,15,12,530
1902,34,29,1872
245,10,8,251
277,12,10,277
331,10,11,334
363,17,15,363
431,15,14,429
510,14,13,523
523,18,15,520
596,9,8,604
508,12,9,507
466,20,17,466
393,12,12,406
167,9,8,171
209,11,10,209
271,11,11,270
294,16,15,308
389,17,15,389
438,15,15,442
509,18,16,522
443,6,8,447
544,15,15,544
492,28,28,491
469,6,6,483
4,5,5,3
5,3,2,5
3,2,2,1
5,10,7,5
4,2,2,5
3,8,7,2
4,3,3,4
1,3,3,1
2,4,4,2
2,2,2,2
4,6,6,2
1,4,4,2
151,13,12,154
175,25,25,175
147,25,26,147
220,20,20,218
250,26,26,255
347,27,25,347
148,21,20,152
149906,149906,0,149999
149882,150533,0,149998
0,148417,0,0
149949,150975,149998,0
148999,153135,0,149999
146998,725113,0,149997
144917,2318483,567534,149998
148692,2378905,566994,149999
149453,1194602,0,149999
149796,149796,0,149999
0,0,0,0
126,16,17,129
155,17,15,156
145,19,18,145
164,18,19,166
166,16,16,167
148,8,10,161
123,18,18,126
112,16,15,113
167,17,16,167
217,18,18,217
208,12,12,210
368,24,24,373
379,21,20,383
378,20,17,379
145,9,7,145
186,15,15,184
164,18,18,162
166,28,20,155
166,26,19,153
158,21,21,160
456,220,18,177
453,208,17,173
355,164,14,162
606,208,21,291
644,197,14,346
653,196,16,368
800,233,18,474
719,201,20,470
757,223,25,466
596,179,19,362
692,216,22,394
0,0,1,1
0,0,1,4
0,0,4,4
755,336,10,189
751,274,14,239
866,330,28,333
929,312,11,375
151,69,2,46
142,62,4,43
142,57,3,57
198,52,3,72
531,312,19,127
544,293,22,148
567,318,13,155
568,301,25,180
507,232,16,197
736,307,22,309
795,302,30,373
778,276,21,382
737,274,19,381
920,326,25,508
853,299,19,451
822,305,28,382
139,17,16,141
202,12,11,204
208,26,25,208
247,24,24,252
354,25,23,355
471,22,20,480
443,30,30,443
493,21,21,493
464,18,17,469
511,20,19,525
429,27,26,429
203,22,21,204
226,16,16,226
313,19,18,313
346,17,17,353
452,19,18,457
503,18,14,514
537,14,14,536
593,16,16,596
501,15,14,508
471,14,14,480
266,15,14,266
342,14,13,348
379,15,15,380
484,15,15,484
547,22,22,546
497,11,14,501
691,9,9,699
628,14,15,627
553,11,11,554
467,5,4,471
406,14,13,408
299,10,10,309
4,3,0,0
0,3,0,0
5,6,0,0
1,1,0,0
5,2,0,0
3,5,0,0
3,1,0,0
4,1,0,0
6,5,0,0
3,0,0,0
2,2,0,0
1,3,0,0
2,2,0,0
0,0,0,0
2,1,0,0
2,1,0,2
172,126,4,2
137,156,0,2
103,112,1,4
104,88,2,2
124,92,0,0
123,126,2,2
159,129,4,1
135,158,2,1
141,108,1,3
125,120,0,1
147,128,4,2
137,123,1,4
166,138,4,1
166,137,0,1
116,114,1,5
132,107,4,1
157,120,1,4
129,155,0,2
131,119,2,3
114,110,1,4
121,110,0,4
120,118,1,3
150,131,0,0
154,117,1,3
172,152,1,2
131,131,4,1
168,152,1,2
4,0,0,4
3,2,2,2
2,3,3,1
2,1,1,2
5,2,2,4
4,2,2,2
3,2,2,2
0,3,2,0
3,2,1,2
3,5,3,3
3,2,2,3
8,3,3,8
320,32,31,320
362,22,22,361
393,24,23,393
512,15,12,512
476,20,20,475
455,29,27,452
388,17,0,387
426,19,0,426
536,14,0,536
409,12,0,409
735,173,8,368
1012,181,9,571
1120,246,15,649
953,241,11,458
953,213,12,529
827,268,15,370
909,289,22,477
991,218,13,587
617,230,15,268
735,279,17,372
702,277,25,369
777,307,28,451
796,253,23,468
836,268,24,479
676,271,27,368
636,243,11,306
731,218,18,393
818,176,13,447
887,173,18,531
685,230,24,289
691,237,31,346
935,192,11,412
930,213,17,418
901,218,17,431
822,233,22,390
778,281,27,286
766,275,20,342
299,26,25,299
295,28,28,294
322,26,26,321
355,17,16,354
351,11,10,351
444,12,12,443
433,19,19,433
604,24,24,604
659,10,10,659
595,11,10,594
567,7,7,567
537,17,17,535
453,10,10,453
398,9,8,397
424,15,15,424
351,14,14,351
593,10,10,592
560,18,18,559
521,13,13,521
587,12,12,585
211,16,16,210
297,16,16,296
334,21,18,334
275,23,21,274
406,10,10,406
519,17,16,519
551,14,14,551
515,22,22,514
495,17,16,494
396,14,14,395
330,11,10,330
158,16,17,156
182,18,18,182
256,26,26,256
253,14,14,253
356,26,26,356
413,25,23,412
427,26,26,427
390,24,24,390
376,17,17,376
339,22,21,338
263,15,15,263
155,22,19,155
225,18,16,224
221,22,23,229
302,23,23,301
384,11,11,384
413,24,24,413
401,23,23,401
381,26,24,381
303,17,17,303
305,24,23,304
310,19,19,309
177,24,23,177
235,25,25,235
313,14,14,314
361,12,12,360
376,26,25,376
452,25,24,451
497,19,19,496
525,20,19,525
484,18,17,483
416,24,24,415
321,15,15,321
180,27,26,180
195,22,22,194
207,11,11,207
330,21,21,329
432,15,14,431
401,25,24,401
507,18,18,507
509,18,17,509
441,22,22,441
412,14,14,412
286,17,17,286
346,12,11,345
316,16,16,316
327,16,14,326
439,22,22,439
498,24,23,498
506,14,14,506
442,27,27,442
438,14,13,438
318,16,15,318
294,13,12,294
247,17,16,247
378,10,9,377
482,20,20,481
544,20,19,541
648,13,12,647
527,14,14,526
532,13,13,532
491,10,10,490
442,13,12,442
305,9,8,305
311,14,14,309
0,0
0,0
0,0
0,0
0,0
0,0
0,0
0,0
0,0
0,0
0,0
5,0
3,2
1,1
5,1
4,2
2,4
7,0
2,2
1,2
3,3
0,2
231,9
249,16
313,18
345,9
427,13
373,15
423,15
396,14
320,10
215,17
277,28
244,15
378,23
415,26
422,24
462,26
395,16
390,18
174,10
237,19
318,19
379,16
404,19
438,19
499,28
400,18
380,12
191,19
259,20
314,16
363,26
429,17
455,21
434,20
425,19
438,26
175,22
207,24
265,35
325,32
378,27
450,23
409,23
371,17
402,24
208,29
244,32
270,21
326,23
418,27
439,18
407,17
470,24
406,25
333,18
294,13
230,16
283,36
311,29
420,21
429,21
422,12
476,18
349,17
391,23
294,26
232,18
267,28
379,16
406,17
413,25
435,17
433,16
432,18
249,18
307,16
268,14
150,14
148,17
150,11
188,16
297,29
352,19
364,36
422,25
456,15
451,23
329,17
245,16
292,23
353,21
455,24
499,16
486,22
456,17
394,31
390,20
270,15
234,13
8878,29482
8802,28697
8454,27083
8131,25682
8307,26816
8232,26470
8129,26042
8136,26002
219,8
240,12
290,11
337,10
410,13
470,12
539,15
578,10
533,10
487,11
389,11
205,5
244,14
294,10
371,17
416,15
352,8
581,13
574,13
515,7
230,11
309,7
389,9
459,12
458,18
577,15
597,16
545,16
446,9
425,7
250,14
306,17
378,17
356,8
521,21
505,11
508,14
488,9
423,10
330,10
313,14
150,20
212,18
254,16
327,18
377,20
405,24
377,15
412,16
387,19
315,15
178,22
232,10
257,15
302,21
349,19
373,16
398,21
389,16
279,22
311,19
316,18
243,18
187,18
288,21
386,21
432,24
421,20
417,16
397,14
398,12
372,22
315,15
270,21
306,16
377,13
416,18
366,20
430,21
391,29
350,20
295,18
265,18
188,15
313,23
353,22
386,15
471,20
466,15
454,7
405,15
321,11
360,14
248,12
205,11
285,13
319,23
380,14
451,15
489,16
419,12
398,9
404,11
386,18
257,12
187,13
238,20
263,14
361,14
181,13
169,8
341,14
385,10
361,7
450,16
400,9
385,12
306,7
269,19
228,12
221,7
296,13
395,11
288,8
490,9
475,9
406,14
367,6
335,13
280,12
265,11
239,11
376,14
438,13
503,19
437,10
514,13
491,9
482,12
297,10
378,10
465,14
524,13
607,8
537,9
548,10
45,7
47,6
79,6
64,2
89,7
66,6
101,9
83,7
80,9
75,11
91,11
35,6
46,10
48,9
35,1
75,6
62,5
72,3
69,12
79,9
91,9
68,12
12,5
11,0
19,2
14,4
14,0
29,6
20,3
24,4
18,1
20,3
21,5
255,12
248,14
268,12
235,15
251,12
204,13
165,15
152,9
153,6
269,3
409,14
414,12
368,15
341,14
282,14
213,8
212,4
268,20
323,16
370,13
387,14
489,17
542,19
491,10
430,13
292,12
282,15
515,14
496,11
556,11
583,10
576,8
352,4
483,16
336,7
283,7
308,13
313,14
455,17
498,8
570,16
536,11
519,7
400,9
335,10
242,9
223,9
276,12
351,8
436,15
511,7
556,4
649,9
599,20
483,5
512,12
441,9
322,4
308,6
263,4
607,12
632,13
507,8
642,8
656,6
647,11
377,10
350,14
231,3
255,54
417,63
37,4
498,82
528,89
427,73
481,71
372,73
385,80
371,54
399,14
375,7
493,12
613,11
621,22
574,24
461,12
395,9
380,8
296,13
204,11
386,13
495,17
548,12
643,18
601,10
551,19
497,16
462,11
364,11
356,8
398,21
498,16
528,26
577,19
515,19
525,16
470,18
426,23
304,13
402,10
365,8
577,12
625,18
624,10
565,8
536,5
456,5
334,10
302,14
262,17
375,16
422,17
460,15
462,26
417,14
285,19
365,16
261,18
236,13
233,20
240,18
284,22
341,24
397,18
461,24
450,25
436,17
432,11
409,15
315,33
234,26
216,22
266,21
412,23
394,11
437,17
470,12
477,18
438,15
362,6
241,8
259,25
337,16
394,23
450,17
475,20
501,19
529,12
382,13
344,11
283,15
232,9
370,16
413,13
504,13
527,15
529,9
512,11
374,12
421,15
374,20
279,13
236,10
261,15
267,12
288,9
283,11
256,13
196,11
177,12
165,14
161,14
65,1
79,4
96,5
69,6
103,11
129,13
171,15
251,20
297,18
362,15
358,18
231,12
183,10
108,6
89,13
87,5
63,7
100,12
77,3
55,7
49,3
38,4
36,9
23,7
18,0
19,9
32,6
45,5
52,4
80,3
57,6
94,11
77,4
102,9
75,6
125,15
171,19
252,22
357,23
327,16
398,16
283,19
183,18
106,12
92,8
114,5
101,8
90,14
84,6
82,4
52,8
41,4
30,3
27,3
29,4
24,4
30,4
30,9
33,6
41,2
86,3
99,3
101,6
107,10
101,8
138,12
158,14
222,22
334,18
416,13
413,22
347,16
222,8
152,15
120,13
119,5
102,5
94,0
265,16
300,23
302,15
447,8
455,17
378,13
372,14
342,11
317,12
257,17
178,16
181,10
164,15
200,8
198,14
271,16
298,22
305,15
364,11
398,17
386,17
310,6
234,13
206,13
362,11
418,20
407,9
510,13
492,16
487,16
417,12
474,12
240,8
312,14
384,12
299,9
492,10
390,9
545,13
513,15
475,5
400,12
372,11
228,14
256,10
326,13
332,6
455,15
528,9
514,16
391,12
413,12
361,12
283,5
315,13
330,10
401,7
483,13
412,9
496,12
463,15
456,19
389,13
329,6
280,9
317,14
349,17
409,13
323,14
502,11
501,14
539,21
448,14
233,11
302,27
369,9
407,20
417,17
475,25
426,21
449,11
412,15
323,14
294,15
235,18
284,19
302,11
461,18
424,15
462,14
485,16
461,13
412,10
286,11
284,11
241,17
255,18
252,7
392,15
440,18
319,10
521,8
490,8
349,8
359,12
265,17
213,14
233,17
305,15
287,18
365,15
331,12
477,14
374,13
405,17
166,15
226,25
260,24
273,12
246,15
421,20
192,8
388,15
386,16
300,21
244,19
136,11
167,11
304,15
363,16
391,14
463,16
422,15
409,16
332,17
337,19
223,19
227,13
256,18
368,22
450,22
505,14
469,11
444,8
442,7
381,12
372,9
2,1
2,3
0,1
60,6
81,8
77,4
85,9
102,5
87,9
86,10
19,0
13,3
26,2
25,0
30,3
51,7
33,1
38,1
58,9
78,1
17,2
18,2
26,2
30,5
21,1
19,5
32,3
29,2
41,4
25,4
54,4
53,5
62,9
80,7
110,10
133,6
113,11
130,13
140,12
156,11
178,9
139,6
117,9
173,17
1,0
126,5
93,4
112,7
118,2
132,4
130,7
129,3
105,5
100,1
120,7
66,5
81,1
71,5
79,4
89,2
80,2
93,4
124,2
118,3
101,8
115,7
105,7
103,1
110,6
128,4
131,3
21,3
23,5
34,3
67,3
89,4
101,3
110,8
236,17
490,15
610,19
271,5
155,8
105,4
33,1
30,5
21,3
19,1
15,3
8,1
6,1
3,1
8,1
1,1
1,1
3,2
5,2
98,15
252,18
470,17
373,17
137,14
92,11
109,5
102,9
51,5
48,3
79,10
81,14
98,11
283,21
449,15
329,20
137,19
74,10
90,9
88,8
43,6
22,6
30,0
267,14
440,27
404,23
444,25
319,17
277,26
289,19
156,12
167,16
119,12
100,13
283,17
304,24
350,21
453,19
507,12
399,21
415,16
294,22
265,15
248,10
179,18
366,20
458,17
473,15
539,12
565,16
532,9
343,14
354,13
259,14
280,14
269,9
475,11
501,10
553,15
553,19
546,11
411,16
329,12
311,18
290,9
226,6
304,13
453,12
545,8
544,12
587,17
466,15
380,6
402,13
337,11
253,3
295,14
261,14
393,17
476,15
546,10
582,12
503,10
534,9
448,13
445,13
187,13
171,14
321,16
348,16
137,15
128,10
223,14
290,21
305,13
333,18
384,22
458,18
342,16
371,12
352,16
262,10
274,9
289,14
422,16
381,11
409,18
378,15
372,17
381,10
217,15
260,19
293,10
398,19
283,12
394,11
390,12
391,10
245,6
315,12
301,16
434,8
509,15
511,16
503,14
454,8
399,10
398,4
198,18
199,16
236,15
324,20
327,20
408,20
438,25
400,23
349,12
291,14
267,16
149,14
236,10
269,19
345,23
330,11
428,6
453,14
475,18
397,19
364,14
352,11
291,10
295,6
379,10
436,12
495,11
540,11
499,9
469,16
371,11
325,6
295,12
474,10
539,16
564,18
360,14
338,23
324,16
189,13
184,7
123,12
111,13
119,6
302,13
383,18
376,12
469,16
459,14
403,22
350,25
214,13
238,20
210,15
161,8
244,13
370,10
373,20
479,8
531,9
487,17
416,9
463,13
278,11
260,15
265,16
360,15
421,18
405,14
351,19
230,12
276,16
215,16
149,14
264,24
271,20
273,18
296,16
383,23
336,18
351,12
271,11
242,17
319,22
273,16
300,13
408,22
423,17
455,12
392,19
406,5
402,12
277,9
320,10
331,13
327,18
253,12
228,14
201,18
152,18
135,10
137,9
343,17
375,12
305,10
388,8
422,11
394,18
395,18
280,10
255,15
180,8
179,11
383,9
423,10
498,16
389,13
323,9
408,11
333,11
345,11
445,10
418,10
441,23
377,13
348,16
241,15
191,5
182,10
137,10
417,15
493,11
440,14
3,4
2,1
5,0
16,4
27,4
95,7
431,9
90,3
88,3
291,10
463,11
120,8
136,7
116,5
36,1
28,3
15,2
6,5
107,5
113,12
104,13
97,10
124,5
102,10
106,8
104,5
87,7
78,8
72,3
75,8
84,7
144,16
294,16
180,12
84,10
108,7
40,8
23,5
15,2
9,2
193,16
183,13
182,14
158,17
166,14
141,14
147,12
157,9
174,15
228,9
164,17
190,9
161,5
159,9
197,14
175,7
212,16
193,10
177,6
179,9
182,8
168,9
119,7
115,13
210,4
278,10
325,6
314,15
299,13
448,8
531,14
362,9
473,7
78,6
94,9
147,6
193,9
193,14
216,16
297,13
400,22
354,12
8,3
24,6
65,6
83,5
121,8
333,23
90,10
110,5
41,2
18,3
14,1
65,7
83,9
81,12
107,17
160,8
206,16
377,20
360,23
354,12
285,19
248,12
162,13
102,4
74,14
104,3
87,7
29,8
34,5
30,5
40,6
33,7
65,10
89,10
255,18
187,16
79,6
70,8
39,8
30,2
24,5
8,3
106,1
84,7
88,8
76,6
79,7
170,9
173,15
214,13
260,13
310,14
308,10
282,11
152,9
159,9
123,15
85,7
139,7
151,12
195,13
215,11
281,8
302,6
386,6
374,9
359,9
300,8
88,2
83,4
119,2
97,5
89,6
139,5
120,5
137,10
194,6
254,8
350,10
368,10
290,11
268,10
176,5
142,12
224,9
172,8
110,8
145,5
143,9
286,11
282,11
180,9
200,2
151,6
119,10
309,12
311,6
257,7
299,5
267,9
90,5
100,5
77,11
81,11
94,10
86,5
118,4
119,5
137,3
150,8
174,4
94,5
67,2
93,7
84,10
79,8
89,4
104,1
125,7
112,5
153,2
166,3
102,4
103,6
95,6
102,5
84,4
105,11
98,5
69,4
97,2
110,5
101,1
106,9
146,3
126,7
152,6
179,8
150,0
156,4
163,4
115,4
194,10
154,3
186,6
155,3
75,5
300,8
211,5
171,12
22,3
37,2
125,9
109,5
439,11
352,15
102,4
128,1
62,3
29,3
23,1
386,7
380,14
382,11
296,12
517,13
402,12
339,8
113,8
140,8
199,10
326,11
356,12
484,11
542,14
460,12
323,6
249,7
193,8
105,7
84,7
112,7
123,12
81,3
184,5
210,13
223,5
245,9
194,8
339,14
271,8
260,12
244,14
217,7
203,6
216,10
247,6
289,7
341,12
295,8
370,6
365,13
318,10
297,9
231,11
281,9
323,11
466,2
455,8
343,7
380,12
407,10
307,11
419,8
535,8
496,9
487,8
375,11
378,8
338,6
305,5
221,11
212,2
310,8
333,12
341,9
354,13
333,7
352,12
309,12
242,14
201,12
260,9
276,7
265,10
277,6
274,14
207,11
243,8
307,22
374,16
418,16
432,12
370,11
281,12
300,14
441,15
442,17
484,15
432,27
402,19
356,13
340,11
391,19
342,14
453,5
439,11
277,11
368,13
314,17
356,12
433,14
452,11
435,13
418,14
351,14
172,12
173,14
184,11
214,12
215,17
249,10
218,9
222,13
221,18
191,19
142,12
99,7
83,11
99,5
87,9
111,10
84,7
101,12
91,5
103,7
69,3
61,9
78,5
47,6
101,5
73,6
62,7
61,14
62,12
37,9
50,9
51,7
69,8
95,8
99,7
26,5
59,5
119,5
144,14
95,10
62,4
79,7
165,10
134,2
41,10
38,5
41,4
52,7
94,6
122,11
137,8
172,5
168,12
148,8
109,6
64,6
51,11
58,3
66,2
68,8
97,11
227,9
356,15
293,12
151,15
84,15
204,11
251,20
269,18
335,15
365,8
414,9
376,10
269,16
207,10
249,13
360,12
326,9
268,8
423,5
207,11
276,17
323,22
349,15
370,15
493,22
492,20
408,14
456,19
201,9
145,11
416,15
471,15
409,16
493,16
486,16
445,13
386,21
367,9
268,9
305,6
342,8
313,6
297,4
272,7
195,11
226,7
179,9
163,4
143,8
104,5
102,7
124,9
132,9
162,5
194,8
200,8
276,7
349,11
299,13
326,12
213,6
203,4
150,3
162,8
129,6
93,4
92,7
84,9
84,7
135,8
184,10
235,9
274,11
449,20
466,9
302,10
345,9
243,11
167,8
131,15
68,4
317,8
413,17
469,14
454,18
516,12
416,9
291,12
244,6
291,8
265,9
198,9
97,5
114,3
123,7
86,5
98,10
157,11
229,11
277,9
457,18
533,8
441,10
364,13
281,11
177,6
98,13
122,6
261,10
270,13
250,10
376,11
397,11
429,13
485,16
494,12
498,10
521,11
398,13
427,10
425,20
454,14
413,7
420,11
381,9
312,8
316,14
259,4
326,15
386,11
457,6
437,12
450,17
385,9
377,7
315,5
344,6
399,7
470,11
452,7
499,7
416,8
268,8
371,18
306,12
248,14
157,10
433,11
546,13
354,15
414,9
434,10
478,11
481,8
427,7
314,8
335,16
316,11
215,13
172,12
118,13
104,5
86,8
77,5
60,9
51,8
37,5
100,7
127,11
119,10
167,20
179,16
222,10
193,13
163,7
129,8
119,12
198,13
195,15
133,4
151,7
159,7
155,13
141,7
117,11
77,7
97,6
78,5
54,7
60,6
73,3
75,7
66,3
49,2
60,4
46,4
61,5
142,7
159,6
110,7
159,6
147,12
147,14
107,4
67,1
58,9
59,6
52,3
56,5
54,7
66,6
61,5
44,6
59,5
135,8
130,7
121,5
148,6
162,10
89,5
91,10
97,8
95,8
74,7
42,7
86,10
144,7
118,6
138,5
123,8
109,8
86,9
74,7
74,4
43,7
63,4
24,5
35,4
30,3
61,9
112,5
112,9
60,4
41,5
28,4
38,3
24,3
57,4
32,1
48,5
50,4
50,3
44,10
116,3
119,5
387,17
352,19
330,14
316,17
270,12
279,16
200,18
181,21
159,10
267,20
355,16
350,13
298,8
363,25
288,11
234,17
305,17
207,8
185,17
136,11
185,15
203,13
222,9
158,6
234,16
212,14
187,12
174,16
143,12
160,7
137,10
310,12
280,18
361,22
316,14
317,12
281,22
250,9
230,17
278,20
321,19
380,20
398,17
396,13
282,18
308,13
248,20
103,8
223,14
295,12
271,8
248,21
303,14
233,11
190,14
307,25
358,22
267,17
400,21
406,14
338,13
311,12
340,15
361,25
386,16
377,13
337,24
333,12
213,13
354,23
432,21
425,17
409,19
399,17
327,12
267,19
217,17
181,15
133,13
9,2
9,3
7,1
11,1
19,2
10,3
6,1
10,3
16,5
8,1
16,1
10,1
8,3
11,5
7,1
20,0
17,2
6,3
11,4
72,5
77,0
103,5
97,5
134,4
124,10
142,6
137,10
143,4
169,5
169,11
319,10
328,15
305,7
324,7
281,4
220,7
187,7
196,7
151,11
122,7
140,8
218,6
272,8
274,14
265,7
354,6
332,2
286,11
303,4
291,6
266,10
189,4
159,8
287,7
287,12
321,10
328,8
277,10
278,5
339,9
396,10
424,8
442,14
432,6
352,10
304,12
232,7
218,7
139,5
358,8
363,8
388,12
411,7
387,10
288,10
388,7
395,11
443,9
471,7
397,14
365,7
314,13
191,7
427,11
421,14
416,7
438,13
364,9
292,8
245,9
233,6
401,12
341,13
424,14
384,8
329,9
315,7
257,13
164,9
413,14
432,10
419,9
422,15
363,13
392,10
265,4
180,10
168,10
134,5
142,5
418,17
420,8
364,7
433,7
398,9
415,14
335,5
373,7
392,14
407,7
399,8
417,10
269,3
288,8
277,7
216,8
187,8
121,5
353,15
442,6
369,15
365,7
399,6
339,11
362,10
253,7
232,5
155,4
378,10
462,13
374,8
458,7
398,7
363,11
310,11
236,8
200,6
164,4
121,10
254,17
332,18
393,20
441,16
405,21
430,18
399,18
292,16
244,10
240,14
144,17
175,17
235,6
330,16
391,11
400,24
366,18
269,20
265,17
319,18
416,27
360,11
388,21
424,17
332,15
239,9
210,13
233,11
316,21
373,20
391,20
364,10
391,16
345,16
289,23
312,18
398,17
320,13
322,13
413,17
324,17
326,17
231,14
227,15
182,18
292,15
360,9
355,13
383,30
433,18
426,21
353,14
327,14
267,13
191,14
147,13
0,0
3,0
2,5
2,0
1,2
119,11
88,4
137,10
118,11
101,8
76,8
65,5
58,3
63,4
52,5
32,4
134,7
136,8
133,4
122,8
123,4
85,5
64,6
74,8
52,2
39,3
33,5
141,3
160,4
120,7
136,6
112,5
123,12
108,7
82,6
71,6
45,5
50,6
71,3
104,2
91,3
92,5
101,6
107,3
190,8
389,21
340,9
327,10
380,14
394,15
378,14
287,11
334,13
276,7
240,7
211,6
172,8
183,14
138,12
344,12
257,6
317,9
346,8
208,9
242,9
238,9
164,11
442,10
312,17
387,10
376,14
372,12
304,9
221,12
189,10
151,5
172,7
131,8
166,12
215,10
220,10
280,14
259,7
371,10
418,9
427,15
272,7
256,10
370,20
375,13
336,5
337,12
418,13
366,14
327,15
282,10
272,6
320,12
381,9
388,8
449,15
371,16
305,6
291,9
243,4
199,13
213,11
272,7
348,10
328,8
320,8
274,10
365,5
285,9
388,7
342,13
312,15
231,14
220,6
200,11
173,11
133,7
155,4
323,13
344,10
369,12
344,10
322,16
301,7
247,16
224,8
385,18
377,12
305,19
261,10
282,16
270,21
222,16
146,10
115,8
116,11
87,2
278,16
315,31
341,19
424,18
398,20
408,19
370,17
347,17
269,17
254,13
190,19
281,13
298,14
376,16
359,19
494,16
426,13
408,15
328,12
193,25
298,13
365,20
426,27
373,7
361,23
365,12
311,12
234,13
194,15
402,19
409,21
443,19
420,18
387,15
371,17
336,27
279,15
187,9
163,8
146,9
167,6
158,4
160,4
197,10
263,11
289,10
262,8
288,8
283,5
228,9
225,14
332,10
312,8
367,13
361,11
452,4
423,9
427,11
342,12
464,10
436,10
515,11
420,12
432,7
327,9
335,16
272,11
234,10
411,15
321,7
473,8
541,12
512,14
502,8
414,9
274,9
413,16
427,14
398,5
280,10
414,14
288,7
358,13
317,15
304,8
284,3
440,10
420,11
439,21
450,10
385,11
476,16
453,13
350,10
382,12
268,15
299,14
207,7
157,3
137,12
219,21
270,21
304,8
346,14
361,9
284,7
326,25
338,15
248,16
219,12
188,7
249,14
232,16
264,14
290,19
301,18
309,15
274,15
236,12
184,11
152,14
194,8
291,20
352,14
375,15
392,18
394,20
354,18
327,18
274,12
198,19
187,17
281,14
432,12
468,13
416,9
411,11
478,19
465,10
363,13
312,12
273,15
179,14
153,16
212,12
225,7
237,12
365,15
409,9
470,12
474,11
425,16
415,16
282,12
393,15
379,15
474,8
417,11
425,13
265,9
344,11
288,15
218,12
169,14
438,14
527,7
474,8
392,6
473,16
425,8
220,4
212,8
254,13
213,12
192,11
469,12
414,12
361,10
385,8
280,10
168,8
173,5
453,19
417,13
442,7
378,16
339,14
299,11
224,9
201,14
145,6
131,9
72,8
424,12
427,16
381,16
352,15
410,13
368,13
205,18
210,13
268,15
338,18
353,17
368,15
408,12
452,12
426,13
314,13
419,15
342,9
330,16
377,10
435,16
322,13
240,12
268,22
338,18
356,23
428,11
422,14
412,13
262,9
298,23
302,15
336,17
340,24
405,10
402,25
381,18
340,16
292,16
255,9
310,23
372,26
368,16
346,19
386,18
339,18
350,16
407,20
415,14
238,16
384,28
303,15
339,18
414,26
415,24
382,12
342,19
342,24
348,18
414,11
397,23
344,10
321,10
305,14
257,12
328,14
292,21
369,19
321,16
341,15
262,13
203,13
273,20
305,15
314,12
352,15
356,12
326,15
250,15
214,13
192,14
137,13
154,14
180,14
202,9
205,9
241,12
275,16
251,13
228,11
191,6
184,11
201,8
371,24
423,20
417,14
337,13
355,25
323,18
364,15
374,17
318,17
423,15
364,13
308,17
279,14
246,18
351,22
351,23
361,17
311,12
329,18
271,14
308,24
226,15
396,23
373,20
378,20
316,22
295,18
249,19
189,14
175,7
154,15
289,13
342,6
355,14
373,21
394,19
375,25
295,15
269,16
229,11
121,12
75,9
367,22
360,21
312,17
318,20
289,11
256,17
210,16
159,16
364,20
366,18
378,18
396,17
352,14
311,20
300,17
1,0
0,1
0,1
0,0
0,0
0,0
0,0
1,1
0,0
0,0
0,0
0,1
0,0
0,0
0,1
0,0
2,1
0,0
0,0
0,0
0,0
0,1
1,0
0,0
0,0
0,0
0,0
0,0
0,1
1,1
76107,288354
71440,270518
74185,287170
82054,313460
60331,241491
62431,255003
57991,236713
33495,145706
15484,67701
9016,40032
7214,28419
8110,32078
16419,66797
28401,115581
35824,146752
66059,264046
85560,342765
122015,495331
87258,362056
60404,250273
34017,144284
21153,92939
15741,69567
8970,40031
7712,34045
5490,24550
5336,21978
1259,4322
1145,4436
1241,4759
1341,5021
1315,5257
1509,5692
1546,5748
1699,6652
1766,6503
1865,7027
1918,7360
1876,7800
2114,8542
2189,9242
2470,10053
2468,10010
4179,16483
2987,11649
37350,152002
35057,139241
39432,156540
52285,214690
58643,241156
79696,324063
113236,465638
172581,707143
319853,1302773
456157,1824967
646469,2594660
839960,3301938
849574,3348678
808852,3259805
469683,2008282
365497,1560205
848427,3376667
827525,3359092
789577,3273257
663455,2814895
505573,2208465
850756,3388242
789874,3241516
794214,3279539
714306,3034700
628057,2657388
846020,3394896
824235,3364150
811968,3346875
779799,3242988
708721,2997009
824909,3337400
836129,3354895
851232,3362953
826193,3350889
810816,3320349
54,5
55,3
73,1
83,8
133,9
106,4
81,3
41,2
68,7
53,3
43,4
57,2
57,5
128,9
115,7
119,8
16,3
27,1
39,3
29,5
26,6
41,5
60,0
82,6
65,8
135,7
138,4
131,7
124,11
79,9
100,10
106,10
120,6
121,5
95,8
122,9
110,4
120,6
99,8
120,7
47,4
101,10
126,9
124,9
126,10
110,5
103,6
62,6
83,6
136,10
136,14
135,9
138,3
120,8
104,9
55,9
334,11
286,5
387,14
355,13
390,7
336,17
379,11
396,12
275,12
408,11
0,0
0,0
0,0
0,0
0,0
0,0
0,0
19382,42661
26322,57951
36383,78915
57937,123647
99751,206987
148936,306195
271870,556738
401149,818147
483002,984954
466800,955165
315630,650558
163080,342585
101718,216761
67128,140524
44336,95179
30453,65994
253682,624196
351562,885366
333490,863387
345482,894591
349962,931128
287634,773504
314386,833868
330695,858039
353659,909788
371701,928606
368465,912864
366971,894165
381169,898452
357685,830276
328928,741924
54,4
55,6
56,4
79,4
118,6
84,6
90,3
44,6
137,6
112,9
150,12
217,18
310,20
146,10
83,4
398,14
289,8
272,6
197,6
176,5
118,3
64,2
78,2
181,14
134,9
181,10
196,9
167,7
115,6
61,3
42,4
32,4
37,3
49,5
53,7
52,4
38,6
18,3
25,4
55,2
47,4
90,6
127,11
99,6
75,0
53,6
2,1
2,0
1,0
0,0
0,0
0,0
8,0
0,0
0,1
0,0
1,0
0,0
0,0
0,0
3,1
2,0
45,1
59,1
58,5
78,14
81,9
83,12
115,16
119,10
128,7
141,5
180,4
194,9
159,6
154,5
151,4
112,2
136,3
105,6
116,4
149,7
140,10
123,10
146,9
187,13
184,9
214,11
234,7
231,11
210,5
123,5
107,5
109,8
124,7
104,4
122,11
97,6
148,15
165,8
173,9
177,7
195,7
185,10
163,11
117,9
122,3
164,5
176,8
170,13
130,10
151,12
138,5
39,1
57,5
60,7
88,8
174,6
146,9
103,7
54,4
57,1
49,4
25,4
12,1
6,0
35,3
33,4
40,5
90,9
137,14
154,8
114,7
76,11
121,6
158,14
169,12
176,13
158,4
158,10
117,11
9,0
7,2
7,0
10,1
11,1
20,3
6,0
11,2
7,2
55,4
53,2
48,8
22,2
37,7
66,3
48,4
57,5
56,2
55,1
90,5
43,5
24,0
21,2
17,3
51,4
43,4
69,5
70,6
155,5
162,4
94,3
178,7
197,7
165,10
166,8
214,8
154,3
231,13
226,9
237,8
265,16
230,12
230,6
177,8
184,10
195,8
235,13
241,10
220,3
206,6
165,3
117,6
105,2
92,4
232,8
232,9
257,6
257,7
301,6
274,5
216,4
102,3
198,8
247,12
282,13
256,9
261,7
232,10
203,8
239,16
287,9
235,3
267,8
245,3
191,10
209,10
210,9
221,9
227,7
157,6
189,3
139,8
121,4
90,5
153,7
191,8
291,10
296,5
218,8
248,8
205,6
180,8
162,3
173,6
239,7
229,10
278,13
235,8
165,5
227,5
177,5
212,7
232,11
269,6
267,7
261,5
254,8
253,10
187,7
145,6
117,3
212,18
263,5
280,6
242,8
237,7
242,8
251,13
254,11
155,3
267,7
245,12
201,8
205,8
108,1
139,4
114,0
200,6
222,9
258,9
262,14
261,5
178,7
194,8
171,7
138,8
116,4
205,11
195,4
212,8
188,5
177,4
201,7
218,9
185,10
267,11
265,13
235,9
176,4
191,14
143,8
281,14
243,9
227,8
216,7
187,6
178,4
167,10
186,13
222,5
238,8
209,7
156,3
191,6
169,4
108,1
102,4
231,7
222,8
278,13
226,19
229,13
240,13
203,9
479,14
476,17
537,9
525,11
462,14
469,15
295,8
190,15
267,16
174,9
443,9
532,22
578,10
528,13
440,9
399,9
365,14
347,9
255,10
180,12
489,11
413,8
461,24
540,13
460,16
356,10
392,12
547,10
541,17
500,12
503,12
419,18
528,21
540,19
336,18
408,20
527,26
463,17
557,18
413,16
534,16
439,12
516,20
518,13
594,19
575,17
500,12
392,10
419,13
356,11
217,10
155,13
0,0
360433,898739
325912,803654
428412,1072926
27288,69016
33820,85169
49302,124784
66954,170712
88198,223157
121959,310413
225264,591307
349887,916339
493780,1303792
563951,1444908
537205,1368681
334718,846105
247320,624785
155931,394609
101843,256367
73907,185389
210747,485018
298212,680182
305413,699328
349236,792838
448237,1017167
483025,1096585
541242,1235287
615213,1441623
623108,1484221
598366,1420436
99,3
155,9
202,3
219,6
118,7
138,14
100,7
86,3
53,2
49,1
77,7
90,4
71,1
87,6
61,3
103,4
95,2
43,1
81,4
69,4
69,3
79,2
49,3
45,4
34,0
32,1
23,1
42,5
31,3
46,2
69,3
56,3
72,4
72,2
87,6
86,1
104,4
92,11
63,7
77,3
80,4
68,5
96,7
109,7
145,6
181,8
148,6
148,4
127,6
99,6
58,7
79,4
103,1
164,8
193,5
264,9
210,7
155,2
119,6
246,12
294,13
257,9
247,8
252,4
211,12
192,10
202,10
194,7
200,6
161,3
194,5
150,7
167,8
131,9
141,6
120,4
403,11
329,10
375,10
56,5
51,1
75,8
99,5
116,1
151,5
176,8
217,8
175,5
145,11
107,3
94,6
74,3
57,6
37,1
47,5
233,4
196,4
321,16
198,5
271,12
330,11
178,3
321,12
283,6
308,10
281,5
331,14
305,8
310,7
275,10
163,6
368,10
372,8
373,9
357,8
314,8
221,4
336,8
319,6
378,13
369,15
328,9
6064,17893
8708,22670
6585,21815
10161,28595
2230,28887
2942,29744
392,35994
1376,33849
4690,31853
2837,34445
2351,5505
1068,4938
1055,6142
303,7164
630,8436
3836,11535
6912,15800
19709,37896
25978,51017
16004,35638
27607,54175
44136,81486
50302,94468
63723,120840
95996,186047
93587,179998
87699,171358
83084,164911
86549,171558
90454,184385
49344,99427
48819,95153
67026,135657
73280,139199
85885,163578
61644,114117
70006,131122
88368,169727
42627,82464
41,9
38,11
32,12
30,8
37,12
35,7
25,10
28,13
24,14
30,11
33,6
77,5
84,7
79,1
95,6
82,3
80,5
69,6
81,3
79,5
75,2
53,9
64,3
102,2
109,4
96,5
116,2
96,5
108,4
107,7
103,5
117,9
144,5
174,7
168,7
225,15
276,11
264,10
245,12
241,9
290,15
209,10
274,13
286,10
320,12
313,10
322,11
326,22
301,13
276,16
258,14
144,6
313,12
320,10
351,9
367,11
357,13
372,12
345,11
181,5
268,11
132,6
133,13
173,116
178,138
269,14
274,11
282,7
288,10
360,20
250,12
206,9
308,5
333,14
305,8
313,9
311,11
351,6
292,10
235,6
246,10
272,15
346,15
350,9
272,12
344,8
355,10
294,12
255,11
285,12
283,13
355,13
266,11
370,21
344,8
311,11
280,9
193,2
170,10
158,5
288,9
358,16
376,16
433,15
388,14
376,10
331,14
290,19
321,18
357,15
367,14
401,22
376,8
321,15
334,12
369,26
263,13
424,18
339,10
366,12
333,15
270,13
341,17
348,11
388,5
427,19
362,12
339,7
281,11
253,6
228,7
200,11
353,11
313,16
405,11
396,14
351,12
383,12
337,10
374,14
335,11
439,12
291,11
377,21
317,9
246,14
200,12
284,13
369,12
364,14
362,19
310,14
292,10
341,19
374,13
359,14
394,11
342,19
303,13
344,17
342,18
388,7
332,10
335,11
317,11
326,13
418,16
376,15
358,11
330,17
312,13
367,16
414,12
354,8
402,13
268,20
273,21
862213,3293730
917045,3333581
949912,3363362
944674,3383778
965903,3388063
969574,3394179
385,21
353,11
375,13
371,16
201,5
321,8
341,8
369,15
399,13
321,14
278,20
237,15
234,10
337,10
302,8
358,10
313,13
262,4
205,9
332,17
379,15
368,15
387,10
435,12
382,12
371,9
319,13
375,16
367,18
436,14
395,8
241,10
320,8
416,19
426,15
388,19
396,15
251,14
308,13
246,12
376,14
247,11
339,19
308,14
259,15
250,11
191,12
183,11
152,16
365,22
377,11
334,15
303,11
259,14
234,12
199,10
274,11
293,17
190,14
258,13
189,13
168,15
158,8
183,16
103,8
148,12
298,10
336,17
356,15
335,13
258,18
273,14
306,17
299,21
352,17
389,16
344,15
367,12
371,16
340,13
113,7
925057,3340998
924241,3351511
935189,3369788
953252,3376101
970967,3391741
970103,3403218
1003939,3397901
1008252,3388244
1001645,3389272
987977,3380623
969456,3377321
950384,3350177
920279,3316993
896922,3290952
876905,3261410
833834,3179752
707528,2757235
605316,2397663
503729,2029527
430909,1766654
243,16
280,13
286,17
347,14
349,14
319,10
366,12
385,10
411,21
419,18
385,22
422,19
405,19
415,16
345,18
307,19
279,11
326,10
198,16
208,13
295,14
307,15
265,14
368,14
384,12
372,14
371,16
268,11
369,12
306,13
191,7
146,11
140,16
190,12
212,15
243,12
197,16
278,14
228,14
287,21
193,12
347,15
251,16
356,13
355,19
369,10
300,11
318,19
336,19
375,15
437,22
370,14
327,18
362,10
343,9
329,9
263,11
305,11
367,12
366,11
387,10
347,20
344,15
508214,2085997
564574,2195829
734524,2781298
880344,3260366
917804,3294299
930086,3318392
944536,3343990
957365,3352655
959511,3364418
951417,3380059
984724,3397473
1000646,3398260
1000680,3394468
989077,3392870
969831,3397625
951052,3379917
928218,3350735
891594,3303678
863504,3266446
828595,3169310
866342,3202040
837614,3133114
899813,3303670
929692,3317867
937601,3335894
948100,3346347
951415,3358241
956686,3380333
981985,3387955
985436,3392958
968790,3398402
942659,3399217
921891,3372664
925437,3345758
907102,3305763
884192,3275022
859073,3214660
818302,3065035
678307,2602232
531498,2067267
367,15
326,16
332,19
299,13
329,12
288,20
275,12
298,13
334,9
297,11
388,25
362,15
338,17
382,15
369,28
369,11
377,8
340,20
304,16
299,15
244,18
195,6
169,11
351,10
431,11
351,4
271,14
212,7
221,10
142,11
150,9
117,4
96,11
109,7
39,6
77,8
87,4
93,6
91,6
89,4
92,9
119,7
170,7
177,3
311,12
392,8
361,5
311,10
216,9
137,7
104,9
111,8
94,8
86,3
95,4
77,1
55,6
53,4
342,12
388,11
366,10
321,15
257,7
174,11
174,12
161,6
127,10
397,12
358,9
401,19
378,10
312,13
240,8
255,10
193,8
191,7
346,14
450,14
373,7
363,14
398,10
294,14
314,18
379,12
399,8
487,10
478,9
420,12
354,9
353,14
309,16
224,7
389,17
450,17
454,15
440,16
435,10
376,11
311,11
264,7
385,12
414,9
410,14
430,15
398,7
377,14
311,14
298,20
340,11
420,16
405,10
396,10
388,10
395,9
339,12
336,16
362,15
402,15
406,10
445,10
405,6
349,11
415,11
418,12
400,17
388,13
350,11
287,15
181,9
208,11
298,10
273,11
431,9
408,10
416,9
378,14
313,15
274,11
235,7
135,11
444,7
494,11
436,15
457,9
466,8
102,2
83,10
85,10
74,11
70,4
108,9
108,8
144,4
157,13
164,8
172,8
119,8
147,6
115,8
188,13
221,9
134,15
140,12
155,9
159,12
160,13
81,8
82,9
77,2
82,5
95,7
118,10
150,7
139,13
162,9
220,14
249,7
243,16
185,13
149,11
126,10
104,7
194,9
193,9
174,13
168,6
99,9
100,10
112,5
118,3
97,19
69,5
106,10
96,13
107,11
99,11
94,16
101,27
99,13
106,13
177,20
272,37
215,41
126,17
190,35
273,36
197,30
103,17
213,29
63,8
84,8
104,13
104,16
169,16
271,37
311,37
190,22
104,17
124,22
178,21
174,29
234,35
240,52
295,29
282,32
304,44
293,47
224,36
120,17
122,23
151,20
138,25
177,23
203,21
217,48
216,34
258,37
272,38
277,37
281,39
254,41
242,33
276,44
340,45
271,32
381,51
392,45
375,43
298,37
237,30
195,40
348,36
345,49
373,52
315,44
302,28
249,32
392,50
413,60
362,46
251,43
287,33
349,44
318,43
378,62
372,48
319,47
319,40
227,32
164,32
322,35
403,55
410,54
402,56
373,56
348,47
295,44
271,38
240,37
325,48
386,48
423,51
392,72
381,50
390,39
296,41
256,36
180,32
50499,558317
59769,658829
91103,995984
117740,1295285
145258,1600712
166332,1843020
179533,1948949
199200,2148656
206391,2230178
213601,2306558
211105,2274254
197304,2132512
155069,1717149
133926,1500254
99350,1131763
80573,917373
62594,715691
51870,598726
29068,333392
22343,263350
31988,384906
45565,538484
63894,745755
82938,963003
114509,1314459
139012,1567657
160046,1775136
173501,1938869
195116,2112672
196329,2116652
188016,2043025
179000,1946557
152709,1700640
130633,1452694
96240,1090861
73585,845024
53996,621415
46881,532355
33169,381748
25897,300525
110230,1218621
124926,1360156
126557,1415923
123631,1385152
125995,1379641
119622,1329546
117244,1295438
111149,1218751
129,12
95,11
160,13
214,23
308,31
337,36
325,50
338,50
385,25
422,6
382,11
145,5
106,7
133,3
117,4
106,4
85,6
76,6
74,2
69,8
39,5
79,4
36,4
64,6
77,5
100,2
82,7
95,9
61,3
93,6
88,11
83,11
44,3
52,4
62,2
61,4
77,3
58,6
90,9
86,6
105,3
102,7
99,4
134,6
154,11
152,10
128,7
165,15
192,6
179,9
212,6
207,7
216,6
171,8
101,8
84,4
111,6
162,12
217,10
256,14
347,12
323,14
357,15
314,18
234,9
300,15
219,9
300,15
324,10
273,11
239,7
259,7
324,10
384,11
363,8
366,16
347,12
490,16
435,17
315,6
249,7
412,12
460,11
416,14
403,9
310,17
271,6
226,10
189,8
171,8
126,8
409,11
519,20
404,6
383,9
406,8
382,8
308,10
365,7
464,14
396,18
443,13
402,11
188,10
216,13
189,10
169,8
404,10
407,10
378,9
316,20
176,10
401,17
475,13
475,10
377,18
386,14
296,11
277,7
184,8
401,12
414,15
157,3
406,14
360,18
266,14
261,7
230,20
190,15
271,14
415,14
385,16
355,10
322,17
313,14
232,12
215,18
165,13
132,11
93,17
360,20
376,14
305,10
352,11
393,9
253,10
256,18
299,17
411,19
436,11
377,14
464,10
406,12
132866,466793
123420,435498
112634,399322
108106,384975
108928,385786
106078,375374
98656,347508
91784,325429
181276,639440
160445,564567
145241,512059
137092,482835
126454,446772
123002,433281
111997,396847
104810,372416
208502,730613
191210,672019
175650,618783
209369,737637
197976,699667
200921,712089
184229,650774
171424,609012
158548,572564
136810,491414
127931,460561
113681,408115
109942,394365
102221,370830
99681,358031
91109,330311
85195,307846
83863,301838
76805,279401
71143,258835
70765,257242
68507,246058
59675,216575
55338,202224
51888,186737
46649,168831
45979,167130
42250,153670
224943,800540
208773,738614
181907,647119
186766,660703
178657,639325
187158,667727
183056,652975
169659,606810
161890,577263
141796,506586
133753,478614
125617,449039
127014,452161
173766,615659
161727,567493
200523,702527
212887,747095
220548,775033
217912,748364
217918,749579
224208,768467
205079,700605
194407,666323
200068,687245
216563,743416
217701,753572
206390,718447
213957,736521
210983,731939
197707,680625
183141,632716
26742,90295
28384,96632
31709,107631
37005,127360
39529,133972
37771,127840
38167,130052
42264,142930
40858,139659
39643,135335
30332,101858
38238,127885
33129,111962
34193,114966
35700,120477
36841,124284
39913,135020
38054,128036
34406,114972
38229,127489
35962,120544
41513,139716
38482,129122
25738,86696
25372,85158
27719,92763
27394,91359
29323,98702
28443,96893
30673,102923
29959,101303
30881,103234
31641,106521
31064,102985
34295,113944
38160,128999
108896,365427
115565,390072
125450,420057
119838,402098
127515,431133
131349,449053
136209,468920
133518,460615
134349,460477
121292,414363
128149,438277
122903,429793
125538,442124
282,21
391,21
387,14
426,14
358,10
432,21
280,6
402,10
323,22
248,16
195,12
161,14
156,9
156,12
90,7
115,10
102,13
101,12
85,8
115,7
134,16
123,6
148,9
135,11
133,10
95,6
113,6
104,7
84,8
65,8
64,2
62,5
67,8
42,9
48,9
29,6
40,5
43,7
40,8
49,5
112,11
83,16
117,21
87,11
86,10
87,12
90,6
124,4
80,8
119,9
115,8
95,4
123,4
138,5
107,12
112,2
135,14
102,8
45,2
35,5
43,6
43,5
52,1
67,9
99,10
123,5
111,5
103,13
97,8
138,4
213,13
307,10
413,12
327,7
406,10
422,13
378,11
298,16
360,12
300,11
440,11
436,7
329,15
383,12
353,10
296,19
432,12
293,11
397,15
374,20
259,7
310,15
228,7
475,15
446,11
433,14
429,21
413,13
270,15
342,13
415,20
430,17
471,19
506,19
471,16
384,12
380,12
465,13
456,15
491,17
446,11
488,21
454,13
390,16
339,15
488,16
455,15
333,12
457,15
476,7
457,22
78127,281757
82127,296184
82804,300390
86142,312964
75301,273248
67468,245332
70408,256970
65543,238593
61060,221981
60503,217656
53505,194436
50486,182086
49158,179282
349,18
386,13
317,17
350,9
340,9
279,3
266,12
332,10
357,15
361,12
336,12
335,14
333,10
316,7
447,11
424,13
467,14
368,19
408,12
456,16
441,15
6,1
6,2
8,1
1,4
2,1
1,2
6,1
4,0
4,2
7,3
2,2
0,5
17837,170813
17765,168534
18883,192465
20267,202859
18900,183896
18351,172579
17929,172622
19035,181351
18817,183198
19137,188425
19616,192684
21054,204188
20149,194054
21041,202934
22955,218111
19860,189612
19019,180894
17317,163145
18657,175300
19900,185223
17765,167007
19658,185177
18436,170620
1,4
7006,64192
8194,75803
7686,68669
7002,63401
7128,65984
6581,63119
6658,59653
6372,57025
71780,721265
71192,692770
67234,672461
70930,715113
64869,660328
71303,701715
69967,704310
66162,650859
67113,674494
65649,668355
65954,668708
66636,664272
66676,680296
67332,692239
65745,679881
67,45
51,28
136,85
100,79
149,97
178,103
117,169
171,123
344,18
272,8
295,20
295,12
359,10
382,9
367,10
431,15
424,11
434,15
415,13
454,22
480,13
490,15
418,13
275,13
480,13
458,15
467,22
400,16
422,10
263,11
313,8
273,12
229,18
148,6
177,8
129,13
145,11
177,6
130,10
113,8
96,6
244,11
278,13
211,9
209,7
212,10
187,14
197,3
294,13
287,9
271,6
313,11
299,9
250,4
263,13
279,14
315,8
307,11
269,6
242,6
219,11
236,9
231,6
212,10
233,9
191,7
161,8
117,7
151,9
394,9
405,7
353,13
299,15
280,7
178,2
166,12
387,10
358,12
282,16
252,5
185,9
151,11
160,19
129,8
109,11
100,10
96,7
124,8
124,8
423,14
480,9
455,13
391,5
416,7
361,8
271,13
298,15
375,17
438,13
368,11
476,19
434,9
450,9
353,14
361,9
404,11
469,9
475,7
403,12
367,14
335,17
273,10
328,18
343,10
392,13
380,9
348,11
362,18
283,14
306,17
438,11
392,12
421,14
399,9
324,4
364,8
282,15
213,11
156,10
166,6
389,20
444,13
506,18
507,15
399,7
388,19
366,15
476,16
533,15
455,14
431,14
78,4
104,14
123,4
140,10
163,8
185,18
186,8
223,11
380,18
346,11
454,10
454,14
501,14
432,16
317,12
265,10
125,7
140,12
156,9
149,5
149,9
182,9
161,11
182,13
157,9
159,9
136,8
70,8
65,2
65,6
49,5
67,4
84,9
82,5
116,8
131,11
86,6
138,8
132,6
151,5
158,4
139,5
147,4
129,6
144,5
162,7
147,5
113,7
99,4
84,6
117,2
62,4
54,1
77,9
156,19
149,8
106,3
81,11
93,5
92,7
121,13
99,4
113,9
128,6
253,22
367,18
236,13
153,10
111,10
269,5
191,10
125,11
91,4
169,14
137,10
180,9
244,10
163,5
313,4
361,12
392,12
358,10
381,4
312,14
334,15
345,13
420,14
431,10
396,14
394,13
359,8
433,10
430,15
384,9
320,16
324,8
384,12
478,10
415,12
328,9
292,11
255,7
361,15
382,10
389,12
346,7
340,14
222,12
363,17
329,17
461,14
370,14
377,11
325,13
364,8
290,13
469,14
408,11
295,10
404,18
448,9
427,14
488,10
427,18
432,13
303,9
476,20
424,14
475,18
380,12
281,13
248,13
325,13
355,16
366,16
337,12
258,8
332,17
282,8
239,7
212,15
326,20
382,13
438,17
465,6
379,10
343,12
349,10
361,18
412,12
490,21
445,9
421,19
36404,130238
43678,156105
36882,131444
29568,105029
32106,113028
25711,90439
26537,94037
28191,99156
24131,86573
23012,81242
22372,77916
18007,62863
19266,66451
60372,211929
51133,178434
92812,328885
114437,404647
94470,333752
98011,341900
72701,257696
63873,226915
66968,236865
70228,250756
60649,215070
67505,239689
67605,242313
50997,182942
47109,168774
299,23
312,13
331,26
358,19
328,17
327,16
379,20
113,14
115,10
112,14
295,14
313,16
353,14
375,19
351,22
263,12
312,20
375,16
399,16
389,22
329,17
351,15
340,15
333,17
320,9
327,10
399,29
424,18
420,15
339,24
375,14
353,31
381,12
346,10
363,18
396,17
374,9
384,23
421,10
424,15
388,17
415,18
372,23
283,11
347,22
316,10
365,20
377,23
403,28
353,16
384,17
319,14
118,76
190,101
163,104
141,95
161,106
135,119
204,9
245,17
247,11
206,8
286,7
237,9
235,14
238,9
181,8
164,4
194,11
194,8
194,7
209,6
210,10
207,6
108,8
105,3
139,9
115,10
127,8
121,9
113,10
200,5
218,12
227,6
177,9
217,11
219,12
281,11
290,11
245,9
255,13
235,10
225,13
182,6
152,11
130,7
117,12
117,7
215,10
242,8
222,9
251,8
235,17
149,7
131,10
132,8
80,2
138,7
139,7
135,4
108,10
124,3
99,7
77,5
62,4
58,5
56,5
58,4
57,3
41,10
124,3
135,5
139,10
125,7
82,5
73,12
45,6
49,6
45,5
26,4
135,8
224,10
268,9
167,9
95,7
94,6
77,5
137,8
33,5
68,3
98,3
71,9
98,6
164,9
336,10
287,13
136,6
82,20
131,12
101,19
208,11
260,11
237,11
312,16
365,12
370,17
381,10
126,5
307,13
251,10
341,14
408,17
413,17
327,20
302,11
263,8
305,14
332,6
328,13
284,13
309,8
273,11
337,10
369,12
314,7
352,12
363,11
320,13
215,15
204,13
179,15
177,6
322,15
352,14
405,17
353,15
361,16
300,18
127,7
234,15
264,13
317,8
345,15
407,21
415,13
402,14
353,10
289,13
203,11
375,15
394,17
366,17
385,9
378,15
350,15
325,15
218,9
221,10
162,7
346,13
323,12
401,14
398,9
426,6
319,18
295,7
251,11
177,14
172,6
291,9
294,13
353,12
324,11
272,10
304,9
270,5
281,6
364,14
342,14
340,11
307,7
342,18
296,14
228,7
208,6
202,6
261,8
328,10
241,9
332,13
328,15
276,12
279,9
273,10
344,9
244,13
242,7
329,19
355,10
346,16
366,16
344,14
312,12
269,12
250,12
299,4
305,12
315,16
346,12
298,5
271,13
248,10
231,11
283,11
321,14
329,8
330,9
256,11
255,10
289,16
293,13
296,12
410,11
409,12
377,24
362,5
309,19
280,13
274,9
303,19
293,9
316,7
284,9
202,10
245,13
334,15
347,10
329,15
269,16
187,12
233,10
183,4
360,18
322,12
369,13
342,12
323,10
257,11
225,7
191,7
179,11
116,12
239,167
254,156
226,180
220,145
166,16
132,11
177,15
160,13
188,7
178,15
166,10
175,8
190,13
493,1730
700,2931
1268,4851
3560,13408
17918,66800
81335,304828
10286,37570
2885,10807
1365,5202
542,2193
449,1595
102435,372633
76747,281277
68863,248505
89698,322624
58324,210899
51375,185260
78716,282770
69221,256208
74502,270745
74122,271832
72146,268873
65578,238380
17722,66563
18467,69763
26722,99568
31145,118118
40190,152988
44233,167653
53772,201742
60337,229594
72952,278698
77332,297054
73679,277386
60837,234723
59106,225295
50684,191974
35944,139018
28763,111463
27066,103432
15948,60801
13417,52559
11945,46158
21,1
29,5
28,2
74,5
112,11
279,8
234,15
139,11
66,9
29,4
24,4
29,4
283,12
212,12
295,13
258,10
253,13
254,15
298,14
310,15
414,13
361,22
418,16
421,10
417,17
343,19
347,17
316,10
406,9
415,8
313,9
394,20
361,17
353,14
422,25
370,12
430,12
387,11
386,13
291,9
434,10
310,11
399,11
391,17
342,14
240,13
251,7
422,12
476,12
418,12
322,16
402,15
457,17
395,18
106,13
75,7
90,8
89,7
73,12
97,4
99,7
142,12
139,10
123,12
106,21
198,10
206,9
216,12
312,11
345,8
335,12
325,12
362,14
304,8
392,13
371,10
358,15
452,16
414,18
374,12
395,12
380,11
364,11
404,10
293,11
370,8
313,9
407,13
441,7
403,16
433,15
436,8
405,20
299,12
259,10
203,20
318,12
290,26
252,19
229,21
193,17
137,14
107,23
327,25
377,23
391,22
343,27
341,13
235,17
321,21
334,17
353,34
311,22
161,18
218,32
228,33
316,28
303,30
296,24
404,29
374,22
374,24
316,16
344,27
210,18
227,26
255,24
317,28
365,21
319,28
394,24
369,22
360,27
312,17
126,26
95,17
143,13
176,25
225,21
196,22
243,19
282,17
299,26
372,36
356,27
279,29
137,14
221,22
287,22
305,22
295,31
336,29
263,21
266,23
329,24
270,14
359,20
368,30
334,26
372,31
381,31
338,26
375,24
323,20
340,25
340,28
400,23
363,30
315,17
330,25
384,22
377,19
411,19
343,28
352,25
388,26
348,28
378,25
308,17
372,21
329,18
388,17
389,19
336,30
339,21
373,19
460,35
388,23
144,18
133,12
174,17
258,23
212,21
284,29
351,17
331,25
341,21
339,23
263,22
322,24
330,19
349,24
324,23
330,24
270,23
279,24
189,25
175,17
177,22
162,19
189,12
356,29
435,23
384,24
318,32
377,18
323,33
259,29
151,14
187,26
168,26
317,19
383,30
422,25
396,18
415,19
262,20
253,30
191,25
227,25
142,28
168,26
287,24
310,16
248,15
365,20
313,25
325,27
296,15
281,27
277,23
319,37
353,15
323,27
348,23
300,30
323,37
376,25
354,37
286,20
306,22
332,15
273,26
376,28
347,17
372,24
339,21
260,18
285,18
313,18
317,26
310,28
338,24
245,22
266,27
315,26
333,13
287,23
352,26
397,28
317,24
403,26
316,16
358,16
320,25
321,23
319,17
331,23
370,14
232,22
303,23
285,19
319,22
379,20
359,23
315,19
291,22
248,15
226,16
332,20
317,12
284,12
274,12
274,12
61,43
58,43
75,56
53,66
91,75
132,22
170,10
314,19
302,13
343,15
352,18
349,13
294,17
266,13
182,15
165,15
251,11
217,21
310,24
386,21
397,18
374,17
308,24
288,16
337,15
413,18
434,21
323,9
300,14
337,21
246,12
376,10
334,16
332,22
299,17
262,14
345,10
394,11
391,20
266,12
351,18
265,16
365,18
374,16
375,18
442,21
227,17
246,18
235,18
155,12
183,18
6,1
5,0
5,1
18,0
15,2
24,2
25,1
40,1
54,1
101,6
120,6
148,8
94,10
106,3
78,6
41,2
37,2
20,1
88,4
101,4
110,7
104,4
94,6
112,4
115,6
109,8
132,3
98,5
110,4
1332,5097
831,2800
1404,5300
1316,4412
1664,5925
1797,5821
1457,4759
1473,4637
1287,4398
1502,5288
1280,4679
1303,4414
1397,4860
1302,4289
1439,4764
1590,5225
1578,5220
1602,4778
1450,4327
113,75
110,93
117,93
164,105
152,88
225,82
259,109
285,130
284,97
357,120
136,49
86,56
91,68
109,71
108,65
109,80
145,76
183,53
204,59
230,57
284,76
290,41
175,5
215,10
237,8
159,6
230,5
255,7
188,6
146,4
160,0
78,3
121,6
103,3
122,6
108,5
120,4
105,5
98,6
136,8
190,8
113,8
193,7
144,4
187,3
200,6
212,10
207,8
156,4
137,2
145,7
124,4
212,6
280,11
242,8
322,10
273,11
197,9
226,6
274,6
196,4
171,7
130,3
2,4
0,2
2,1
2,1
0,1
2,1
3,1
1,1
2,0
3,10
7,13
4,7
1,6
3,5
7,5
3,14
0,6
4,8
3,11
3,9
63,10
45,11
56,9
56,13
76,9
77,9
0,0
0,0
0,0
0,0
76,2
86,3
66,6
75,2
93,7
123,2
106,2
135,5
131,6
103,2
71,2
74,3
72,7
83,3
121,3
115,3
130,7
184,6
229,8
297,12
207,8
128,2
166,9
141,5
215,4
177,7
256,9
227,6
232,7
232,6
110,2
120,4
110,3
112,4
75,3
51,3
59,1
55,0
71,5
76,4
79,2
225,9
261,7
271,9
215,7
1,0
3,2
2,1
1,2
1,1
2,0
2,3
3,1
1,0
0,1
1,0
145,6
150,7
106,3
174,1
107,3
153,4
130,5
76,4
77,2
76,2
57,1
255,6
279,6
203,7
225,6
205,6
135,5
81,5
81,4
77,5
86,3
128,4
87,5
125,6
183,9
177,6
199,5
238,8
180,10
222,3
211,8
289,9
257,5
243,7
267,8
239,3
162,8
196,7
181,4
216,7
203,3
192,3
118,2
158,6
148,3
118,4
77,5
198,1
234,3
240,7
274,13
273,3
257,6
186,7
166,6
142,5
80,6
94,3
167,6
297,14
306,7
276,9
258,9
252,6
178,8
178,3
155,3
119,7
143,5
255,8
261,4
343,7
288,5
261,4
176,8
256,5
32,1
6,4
3,2
8,1
249,11
219,10
287,9
261,4
206,6
243,6
249,7
187,7
218,8
205,2
220,5
184,8
67,4
84,6
72,5
69,2
34,3
63,0
69,3
139,7
132,1
138,2
164,11
133,5
146,8
135,1
117,10
146,4
62,1
75,7
128,5
163,8
133,5
91,4
171,10
239,9
214,6
254,8
236,7
258,5
238,7
195,7
197,2
167,9
216,11
233,7
266,8
299,13
295,8
281,9
146,2
149,9
162,3
152,4
184,7
113,3
137,5
219,5
257,4
292,5
315,8
276,7
251,9
341,10
342,6
319,5
292,7
207,4
170,8
204,5
244,15
245,8
359,10
297,13
333,12
311,7
277,7
136,11
206,5
236,7
236,13
254,6
259,6
249,9
174,9
217,7
222,6
216,10
209,9
240,5
220,10
301,11
231,7
226,8
165,6
161,11
190,9
242,8
238,10
310,5
340,7
247,7
274,6
290,9
232,8
213,7
134,5
1,3
220,13
237,10
282,9
299,13
200,8
299,11
123,3
212,10
183,9
197,11
210,12
251,8
244,7
284,9
300,11
277,8
233,13
251,8
197,6
151,8
228,12
324,14
191,8
292,8
327,9
298,12
268,6
257,7
158,7
212,9
249,6
255,6
281,7
323,16
262,9
279,4
222,11
241,9
264,6
315,7
352,11
290,5
289,6
269,8
185,8
190,6
147,7
250,10
312,12
313,5
221,4
177,6
69,0
94,0
74,0
52,0
82,0
99,0
110,0
116,0
112,0
119,0
222,0
150,0
216,0
217,0
147,0
155,0
114,0
111,0
85,0
122,0
89,0
106,0
72,0
138,0
144,0
113,0
213,0
208,0
199,0
116,0
148,0
136,0
155,0
101,0
191,0
149,0
162,0
144,0
24,0
62,0
109,0
93,0
61,0
89,0
114,0
62,0
49,0
52,0
66,0
119,0
167,0
173,0
151,0
122,0
165,0
195,0
153,0
191,0
237,0
222,0
198,0
277,0
304,0
278,0
293,0
372,0
337,0
344,0
280,0
223,0
236,0
184,0
277,0
304,0
303,0
358,0
339,0
307,0
315,0
299,0
269,0
233,0
177,0
247,0
178,0
208,0
212,0
238,0
238,0
188,0
163,0
151,0
126,0
254,0
297,0
197,0
234,0
297,0
335,0
311,0
253,0
207,0
191,0
202,0
255,0
244,0
282,0
335,0
319,0
265,0
292,0
271,0
241,0
241,0
195,0
223,0
267,0
290,0
299,0
336,0
366,0
335,0
284,0
205,0
218,0
153,0
266,0
235,0
295,0
392,0
320,0
333,0
314,0
281,0
251,0
181,0
192,0
128,0
223,0
249,0
313,0
299,0
338,0
331,0
194,0
211,0
238,0
262,0
340,0
244,0
300,0
240,0
241,0
166,0
170,0
297,0
289,0
370,0
298,0
266,0
255,0
136,7
198,16
176,9
124,10
180,9
218,7
243,10
283,14
256,12
316,11
349,11
159,10
246,12
273,10
278,3
308,8
375,9
338,9
319,9
280,12
349,6
356,8
326,14
290,6
380,4
27,3
37,1
29,1
37,2
49,5
47,4
51,4
65,2
79,3
153,5
177,9
95,3
117,6
104,4
154,3
143,4
166,4
188,11
194,5
257,9
247,7
278,7
287,10
260,11
250,4
253,11
225,13
227,7
157,3
192,5
225,4
231,7
285,8
300,14
304,7
286,11
179,8
199,6
196,7
299,8
311,8
311,8
304,9
317,9
306,9
216,8
54,35
80,43
91,47
67,44
81,69
70,65
73,66
73,52
65,68
75,63
129,4
140,6
172,8
194,6
207,4
170,6
218,10
249,7
269,8
237,5
213,6
152,4
80,6
71,2
81,2
69,1
54,6
92,3
207,7
222,2
219,10
163,3
211,4
169,5
144,6
228,10
199,5
176,6
171,5
187,3
153,10
147,4
118,4
132,4
82,3
110,4
119,7
80,6
125,4
89,1
100,3
134,5
111,3
137,6
118,4
96,5
116,3
33,1
73,3
115,3
136,11
161,6
135,5
108,3
145,5
179,5
196,8
5,0
335,13
265,7
452,12
374,13
249,4
348,8
63,2
159,8
198,12
250,8
269,6
309,8
271,9
264,9
208,5
201,8
188,6
172,7
205,7
235,11
309,9
316,10
238,7
306,9
302,11
278,8
290,12
177,9
169,10
233,7
243,8
261,8
286,8
305,12
241,11
234,5
306,6
231,8
187,9
244,9
243,5
258,8
305,10
328,6
302,8
318,3
271,8
53,39
45,25
48,24
68,28
42,37
57,29
55,39
43,1
68,6
105,2
90,6
63,8
112,1
72,2
57,1
31,1
84,2
99,5
93,4
174,6
271,6
202,6
96,4
48,2
60,2
84,4
79,4
170,5
105,4
91,1
70,0
103,3
100,6
75,5
91,5
145,12
142,5
147,3
140,7
183,3
217,3
206,4
246,7
200,9
195,10
228,11
188,6
199,8
84,5
130,6
140,10
209,10
276,7
288,7
218,7
122,6
90,2
104,2
153,3
209,10
240,12
226,6
225,4
92,6
107,5
156,8
186,4
272,17
354,10
255,8
167,1
90,3
96,2
112,6
119,5
160,4
244,16
269,15
280,14
186,4
374,9
238,4
135,6
87,5
84,1
96,2
89,2
100,9
113,6
102,10
115,3
142,7
158,6
205,8
34,1
46,4
74,4
166,9
224,9
97,4
103,8
40,5
34,2
16,7
12,2
22,2
30,1
0,0
16,4
19,2
34,4
47,4
99,5
84,5
208,7
57,1
85,6
35,2
39,1
199,6
246,9
255,4
262,5
263,5
214,4
177,5
208,8
300,3
200,7
245,12
256,6
294,10
200,4
194,5
136,7
142,6
122,5
237,9
303,5
263,7
260,6
279,5
233,7
257,17
268,11
333,9
278,5
258,4
225,8
269,5
267,6
304,11
279,10
256,6
179,5
230,7
247,7
266,10
237,8
246,3
181,3
160,10
237,7
299,6
345,5
305,13
220,8
280,8
230,7
216,11
229,4
212,6
153,2
117,7
199,17
166,9
242,6
182,4
246,12
297,8
268,7
324,9
223,13
215,12
218,9
225,10
299,5
292,11
223,16
245,7
149947,581611
144390,560537
157978,614738
264475,1022095
201827,780875
341290,1307527
401965,1522794
334731,1265624
321590,1212737
475037,1786079
503367,1885205
471660,1766420
381731,1419684
311105,1152761
363121,1343358
272432,1010631
262052,961281
226271,842706
174175,647631
149776,558004
111,4
113,1
121,4
134,5
194,5
113,2
272,10
295,9
296,10
322,6
284,8
244,13
314,7
294,11
308,9
377,12
315,12
316,12
270,10
224,8
223,12
243,11
348,7
345,9
289,7
340,13
350,11
235,10
243,2
219,5
205,4
175,5
33179,311303
40934,385840
46565,435365
53874,502897
67196,628623
91444,856704
112344,1054546
102012,964812
129126,1220087
145409,1377717
134779,1278740
163552,1568347
163569,1557103
184360,1763292
214952,2058793
209519,2010007
179277,1716738
197854,1903598
225363,2145238
185342,1789922
241,6
254,9
309,7
156,2
222,9
238,7
270,15
272,10
248,10
318,5
232,7
387,11
327,10
279,7
275,8
211,10
285,8
316,12
377,8
393,12
406,7
357,7
269,6
216,10
300,11
413,6
413,12
401,9
323,12
369,10
261,12
307,7
370,11
355,8
374,8
366,10
369,7
307,11
310,11
228,5
322,7
367,9
359,8
218,4
380,7
390,9
341,8
229,11
372,15
421,10
403,14
391,10
348,11
350,7
333,9
289,7
190,4
151,5
327,12
334,11
327,13
369,13
307,5
348,9
294,8
264,9
361,9
416,7
437,18
429,8
345,9
350,6
144266,531522
185058,677242
192102,711713
284965,1048876
300238,1099685
333655,1225865
384278,1407120
405143,1490646
424707,1549072
434694,1571211
431512,1555849
413243,1482811
405675,1455313
350278,1258604
306833,1107882
247219,886151
222281,792093
178482,636498
141032,503373
109152,391487
246,9
295,11
389,10
432,13
367,16
396,20
347,8
308,8
298,10
327,11
284,17
208,10
198,10
149,8
120,7
144,5
112,5
96,7
349,9
382,7
317,13
198,9
226,11
349,13
349,14
275,20
264,10
170,6
339,15
423,10
351,11
275,15
390,13
361,14
223,5
308,9
309,9
305,12
262,11
344,13
319,9
324,6
278,9
206,4
245,10
255,5
271,11
242,8
153,4
361,7
275,8
273,15
250,8
375,10
301,6
389,15
384,10
350,9
194,8
348,13
358,3
387,14
407,18
407,17
268,9
278,11
229,7
183,9
310,12
270,5
182,13
179,6
155,3
185,5
226,4
196,4
167,7
102,3
49,5
77,4
78,3
89,2
101,9
106,5
114,10
84,7
122,8
179,8
226,10
282,10
322,13
300,7
249,11
266,11
91,9
106,9
122,10
82,8
120,9
124,9
82,7
79,5
68,6
71,4
78,4
98,10
86,11
62,5
65,4
50,10
85,14
75,11
84,7
91,11
87,7
98,10
133,11
117,6
139,9
190,10
247,7
184,12
201,7
199,9
181,16
121,3
113,7
128,12
184,9
167,8
242,12
210,12
207,7
82,20
148,12
184,8
163,5
279,12
205,8
232,13
104,7
120,7
141,10
154,8
216,12
265,9
191,7
229,11
206,8
87,10
49,5
80,8
101,12
103,0
165,12
115,8
109,6
105,8
77,5
67,11
66,9
87,8
86,6
109,7
58,6
253,11
265,13
288,15
155,6
197,10
267,17
277,10
271,19
215,6
249,9
221,20
259,17
257,8
169,15
169,9
316,12
302,18
342,16
271,15
267,15
319,10
322,8
351,12
302,13
265,5
364,17
376,18
295,12
267,15
306,14
373,14
362,13
344,16
368,17
326,11
409,14
228,7
325,15
314,15
333,14
289,14
361,23
253602,919770
299695,1078956
401111,1441369
497561,1785241
522122,1844623
539762,1884982
545812,1891767
545169,1888955
542172,1878897
529905,1827540
423162,1464934
340874,1190126
329851,1148399
276658,967182
215617,752285
169074,592296
130232,458102
113147,397759
92009,327218
77664,275563
330,27
437,17
397,15
202,4
210,5
271,12
308,9
254,7
300,13
297,10
164,9
206,8
213,12
233,10
305,22
345,14
370,11
297,8
296,11
273,10
315,17
324,7
298,15
313,15
317,11
244,9
302,5
325,15
300,14
294,8
278,12
236,9
286,7
324,14
353,23
322,8
223,13
271,10
293,18
310,14
308,13
312,17
190,9
266,16
210,16
263,16
318,8
307,12
353,5
299,9
313,14
238,7
350,11
312,14
142,4
275,11
315,13
352,17
315,14
258,12
264,7
227,11
217,7
164,11
112785,476145
137771,584326
182253,761666
201072,845757
233819,972158
280958,1165046
322291,1329008
351259,1455401
412191,1694259
416103,1696745
414225,1690984
433332,1737284
388552,1544589
362258,1437695
320647,1271081
265235,1052322
222231,883830
185255,733484
150278,592284
120225,470026
161109,629519
200777,778595
263894,1012592
287063,1104939
312386,1200620
365497,1404721
428300,1629696
486153,1847714
495299,1878677
476248,1812924
457339,1739223
441671,1669977
405106,1530805
354845,1351090
312298,1196744
272530,1048619
201817,772564
153949,591898
130103,497577
108746,422185
133332,522306
155240,607862
157554,614146
207360,816773
243416,944208
291549,1127524
336164,1303665
398845,1538362
437948,1676468
471612,1786498
491017,1861104
469989,1765638
458845,1723031
431314,1621946
407902,1522705
330905,1240771
295037,1109069
245892,918907
194193,725513
152455,569167
129,4
82,0
169,6
195,7
195,8
210,7
126,7
174,4
140,7
150,2
110,9
124,4
145,5
160,9
155,4
177,14
162,11
165,5
147,4
140,11
142,4
142,7
116,3
169,6
122,7
183,9
152,3
144,10
137,6
129,5
153,5
164,8
141,3
162,10
158,5
134,7
139,11
128,13
150,3
140,4
129,6
123,9
124,1
99,1
161,8
134,7
147,3
150,5
127,1
135,6
130,6
175,5
155,8
162,4
137,9
117,6
121,4
147,9
170,7
155,4
168,11
168,9
146,7
133,4
125,9
132,8
133,7
152,4
160,3
134,3
108,5
110,4
139,3
162,9
147,2
133,4
173,6
172,1
160,6
128,6
145,4
123,2
129,9
88,4
94,6
123,4
128,3
155,4
34,3
74,8
141,8
90,2
89,4
131,7
108,4
51,4
35,2
30,2
23,2
54,2
85,2
137,6
103,7
118,9
147,11
113,4
36,6
32,5
41,4
83,1
152,8
108,4
105,6
127,3
147,5
53,0
46,3
50,2
17,0
36,0
105,3
133,4
82,7
85,5
123,5
112,2
54,3
27,2
37,1
80,5
168,2
105,9
58,1
107,12
132,12
48,1
35,2
25,1
22,4
37,1
76,4
128,5
114,3
75,3
100,7
100,9
42,0
35,0
23,1
24,1
41,1
71,0
124,4
75,6
111,4
98,6
119,3
69,2
37,2
30,4
31,3
43,3
69,0
121,6
98,9
94,3
103,3
125,8
49,2
35,3
38,3
31,4
6,1
11,3
3,1
8,4
19,1
33,3
24,1
80,8
137,4
106,9
78,6
119,4
112,1
48,2
44,4
23,0
20,3
13,2
12,1
6,1
12,3
16,2
15,4
23,4
31,4
29,0
83,6
111,2
97,2
93,1
109,4
140,3
34,4
29,4
24,6
21,2
19,5
17,1
8,0
3,2
4,0
13,3
5,2
13,3
26,4
28,0
38,2
83,5
144,10
84,4
66,9
86,6
148,5
35,4
21,4
25,3
7,0
10,2
13,4
7,2
23,4
40,5
21,5
63,5
130,6
101,6
96,4
96,2
125,1
56,4
27,4
40,2
29,3
39,5
26,5
7,0
6,1
3,1
13,4
13,3
26,0
24,2
84,1
116,4
103,4
64,1
127,5
127,8
4,1
13,2
16,1
7,3
21,3
34,4
78,5
95,8
81,4
187,8
290,3
223,6
156,3
224,3
250,11
273,8
271,9
300,9
311,9
347,13
182,5
235,10
243,10
300,6
358,10
318,5
342,9
258,8
398,15
335,8
399,11
358,11
299,6
349,8
418,12
346,11
234,7
238,10
324,9
323,10
379,13
344,12
266,17
383,8
431,14
365,7
334,12
323,8
258,2
217,8
129372,487496
174385,656308
173460,649607
183466,690104
232329,879296
276880,1035936
274565,1026728
362239,1337866
328973,1218534
380098,1402107
394667,1464506
406604,1497257
412579,1510339
397703,1457113
332612,1227214
317937,1175730
271578,998186
280428,1034182
274385,1015234
217054,796135
187466,700820
202919,770070
240045,914743
249387,953191
290254,1091547
334033,1254050
359302,1332157
410247,1505805
397513,1465002
423702,1547266
421832,1548367
440858,1620876
445251,1631006
420716,1554696
419850,1548052
391079,1432933
359423,1330244
305978,1137394
307944,1140660
228786,845983
259404,969252
302353,1134871
341328,1285327
365038,1354358
411185,1528098
428244,1590326
430291,1596414
419927,1538495
406284,1481569
374579,1362488
332614,1209991
310962,1126084
292252,1058585
242121,868684
200659,720709
177038,646194
142779,520753
107173,390538
88305,320890
77278,279841
210704,720331
269697,922406
322809,1109203
353282,1193010
383762,1295061
410649,1382256
441986,1481955
456379,1522743
487690,1631649
494428,1651154
496647,1664383
483817,1623246
444880,1505472
403537,1371761
364095,1231930
325944,1102351
284566,971244
242103,828255
186837,649841
163988,575324
387269,1405069
458400,1657161
441742,1605376
441170,1602763
447717,1624369
413135,1505086
464313,1689200
426273,1561170
450737,1638072
413846,1514978
433250,1601049
396034,1482374
372124,1315313
404555,1431383
446196,1571342
433684,1526484
443551,1562100
422751,1478404
425035,1503865
413402,1454804
425368,1485475
426079,1496231
410077,1434071
422936,1484916
421198,1479598
415207,1451720
437886,1531583
437256,1523910
469148,1601649
439967,1512011
439970,1520924
472536,1630535
142490,488685
169976,578279
199573,683904
255651,862897
301400,1020576
387599,1298092
419948,1401601
440371,1463439
474572,1576523
473145,1557526
473795,1553356
434308,1434095
401952,1330335
391048,1297364
368473,1218796
297191,991191
239577,803640
188911,618371
160703,519639
126437,415033
90,2
76,4
83,2
107,4
97,8
83,5
94,7
133,9
137,6
154,6
31,1
35,2
76,4
84,2
94,10
187,10
348,11
244,6
87,8
226,12
303,10
336,10
370,14
316,9
260,11
374,7
312,6
187,8
242,8
199,10
353729,1244882
375187,1312920
385809,1341418
362010,1262809
339656,1176374
308801,1074859
291208,1008980
272815,943441
240113,824245
214575,733073
186432,633162
159231,540313
143700,486279
133798,453456
109351,374249
100537,343394
86778,296040
69388,235309
67370,231661
53498,183216
93,7
103,2
84,7
119,4
128,8
121,6
125,10
159,5
160,12
138,6
223,8
50,3
76,6
101,9
113,8
218,7
319,18
173,12
120,2
120,12
119,8
128,12
124,7
151,9
156,7
213,7
180,8
199,7
17,1
233,9
220,13
274,13
297,5
284,12
61,3
85,6
83,6
100,6
102,2
147,6
166,11
173,8
202,8
162,6
147,7
148,11
123,10
104,12
98,9
78,6
193,14
187,12
121,6
143,5
209,10
200,5
191,7
185,7
162,8
237,6
165,9
195,19
231,12
215,9
185,10
187,7
143,8
205,6
143,6
238,12
141,16
136,4
233,9
219,8
207,13
260,8
251,8
281,17
239,17
245,6
268,11
305,10
335,8
263,17
315,7
174,5
241,12
200,14
294,9
297,9
309,14
324,4
315,10
290,13
259,9
260,8
289,9
291,13
291,9
320,10
332,12
344,4
350,9
301,12
262,6
261,7
242,10
341,12
334,12
275,7
455,12
422,12
385,12
289,20
293,14
345,13
408,6
341,17
418,13
379,11
268,15
334,11
362,13
315,14
342,8
254,10
359,7
375,16
297,7
275,11
264,15
303,8
267,12
317,12
223,8
190,8
242,9
237,11
262,9
195,11
133,7
159,9
220,21
143,13
156,8
201,12
171,10
228,11
233,11
316,9
282,9
152,8
176,9
167,12
225,16
242,16
270,13
337,13
302,14
284,19
188,2
185,11
203,15
218,10
201,11
204,9
266,12
234,8
232,15
106,4
216,9
187,8
232,14
271,7
349,15
338,14
274,6
272,6
291,12
157,8
273,14
255,5
288,9
296,10
337,9
292,6
273,11
241,9
200,14
356,18
271,9
299,5
325,17
280,11
180,12
243,6
331,12
320,11
212,6
236,8
177,12
282,8
282,11
266,5
232,11
289,8
286,13
275,13
261,14
213,10
134,10
194,10
220,8
173,9
210,7
177,8
226,10
103,8
215,11
256,11
213,10
136,12
0,0
211,7
242,6
215,14
239,4
215,3
76,4
212,12
215,9
184,8
176,9
197,5
252,17
232,11
253,10
158,11
185,8
158,7
126,7
183,8
192,11
198,14
132,6
120,7
163,9
210,8
211,7
239,10
146,10
243,13
204,10
131,13
191,7
230,12
236,10
86,5
159,2
167,9
210,12
152,8
162,14
201,13
262,10
173,14
253,12
228,9
216,7
130,11
232,9
187,8
140,6
180,12
205,13
171,12
203,7
122,13
153,5
172,5
174,9
205,7
159,7
99,7
222,10
124,7
147,7
204,8
197,16
115,4
118,12
175,9
208,14
153,8
205,3
115,7
117,8
150,6
239,12
248,6
301,8
241,8
220,8
233,5
285,10
261,13
285,8
305,8
355,22
257,5
233,10
195,9
150,3
180,5
211,11
232,9
210,11
260,6
277,12
246,8
238,5
149,8
207,3
268,8
199,4
208,11
244,11
313,20
288,6
262,5
277,12
239,6
141,5
242,12
200,5
232,12
294,9
280,5
349,12
247,9
220,11
121,6
181,8
162,7
179,9
269,5
231,6
216,11
272,9
256,9
147,11
162,8
201,10
262,12
286,4
324,8
285,12
308,8
217,5
298,16
209,7
137,10
174,12
180,11
262,9
277,13
286,11
286,7
341,9
223,9
242,15
205,7
118,11
147,7
132,3
165,8
230,7
176,9
230,6
232,6
253,8
222,9
193,5
168,11
265,13
248,9
275,14
385,8
313,13
263,4
179,14
229,15
247,10
357,13
355,12
288,10
330,7
260,4
119,9
223,8
228,5
224,10
334,14
310,12
300,10
435163,1507583
384119,1326394
423561,1462046
361472,1250559
320110,1106073
287454,1001822
301788,1046567
251176,876466
237384,824053
174622,609580
143732,500692
134715,470187
116495,406097
108567,379913
69592,246083
53248,189628
44568,160475
38983,140804
32300,115809
30723,111704
45052,162940
53747,196204
65882,240943
77905,282979
105049,382860
129558,474301
158092,577757
206859,741203
216980,780162
207741,749286
263354,943685
299451,1069222
309997,1099184
286024,1013996
299388,1053421
395691,1378075
414117,1450626
418830,1455489
361953,1263222
332098,1154221
204,13
240,3
198,4
258,1
212,9
209,4
160,10
189,9
137,7
123,5
240,10
209,11
259,9
245,5
224,6
195,2
206,15
176,10
135,7
218,8
259,13
329,12
281,7
293,14
237,8
283,9
387,10
256,8
307,3
292,8
226,5
216,3
275,8
233,9
101566,377959
111323,411203
156992,568179
160484,590465
191397,702565
253323,919759
297379,1076106
325593,1180321
363855,1315850
369383,1337337
421184,1522873
396569,1437691
405160,1442314
373772,1336511
346682,1237204
298925,1068999
258655,918619
224899,804094
188657,669058
189008,673421
346702,1213328
339466,1188685
353805,1235469
367310,1276558
339991,1181773
359263,1249347
376404,1309479
385285,1337987
383844,1337392
383807,1331743
398977,1384111
390561,1356132
406152,1426930
453668,1574391
413508,1442977
420284,1464820
399540,1380433
370650,1281636
394465,1372844
384682,1327672
372708,1286222
327915,1078026
331936,1097150
331706,1094324
336162,1090414
330734,1076089
313908,1029103
312558,1025222
313288,1024841
278996,974945
330966,1152573
373384,1293346
404067,1386515
409854,1416283
439126,1514835
446641,1534740
407417,1403287
411986,1429183
378987,1314978
344640,1191275
287461,999859
250430,879395
215538,755065
195660,692277
161046,567945
137814,490194
108307,385876
92502,324887
78771,277350
127622,471403
145946,542357
187713,691977
232259,848957
263150,953117
307993,1109500
331812,1188852
370011,1313607
404803,1426914
410405,1439505
399373,1391028
428788,1474335
402724,1378246
371092,1265639
328961,1125470
278654,953869
242719,834196
204001,697594
169306,580197
151843,515132
157230,538776
182518,629742
225479,773300
256469,878542
312939,1064613
356799,1211761
379518,1275705
383284,1294794
402705,1344413
404110,1342396
409917,1354789
394515,1294066
359010,1191757
316653,1063848
261069,870186
235779,785006
202823,676760
157172,523373
146762,490762
117852,390820
84605,297852
92245,325993
109038,382047
125170,438249
132900,466801
163187,568846
178484,625881
204065,717849
223989,784129
257532,905237
304442,1054785
332976,1142615
350323,1195156
339390,1159971
362050,1227726
351795,1193725
317676,1070672
305633,1028954
277730,931597
239781,804126
154144,569014
187052,682852
211733,766125
250386,892763
316259,1118414
343437,1213539
365383,1288551
389807,1359719
395185,1367868
403702,1392790
386489,1334096
335575,1156922
329838,1129970
299020,1028486
260087,900335
257438,893648
198776,683440
189585,647649
148478,501781
116001,387791
125494,438242
149197,524264
194877,680166
220387,765425
239423,831102
277780,955902
331368,1139031
329077,1122338
389341,1311138
403737,1369575
396689,1352191
392913,1335358
377924,1281647
347229,1181644
281461,955869
244875,825374
226838,757688
169875,564959
155716,519380
150185,498890
125731,441805
173441,606809
220114,764372
253882,878691
258215,902565
273962,968593
296729,1052800
340730,1194911
409402,1426661
405560,1414282
423724,1471675
436636,1520186
430279,1486067
392831,1356973
415344,1443016
351577,1219596
294088,1028457
259377,902650
204039,715878
147395,508804
252,10
312,7
304,7
299,5
203,9
235,9
140,8
138,4
175,9
198,9
187,5
304,9
313,6
261,8
304,9
228,6
236,8
178,6
258,7
257,7
276,8
224,7
225,7
82,3
212,5
334,10
381,20
338,9
306,11
138847,489955
183679,642428
197257,687809
227712,791797
298700,1037964
314170,1092630
333997,1159196
382608,1324162
391614,1345146
424997,1460262
428202,1462973
446622,1537379
419560,1456210
400454,1396758
380887,1333203
363803,1266582
311671,1088801
265014,931764
255671,900779
185650,652983
211116,755773
262496,922151
298710,1056171
251078,891077
409603,1424813
426446,1478480
422175,1461382
423719,1466963
412085,1422808
412480,1415915
365765,1258689
345162,1181475
325021,1107733
308406,1048519
256385,861346
213204,725230
206324,704041
174951,591659
171871,581737
143431,493740
44388,348473
60352,471776
66612,529414
86149,695083
96541,772310
121580,972061
132501,1060172
143356,1154677
157297,1281695
169399,1397348
176125,1461529
192664,1605390
192492,1618548
175242,1496525
159781,1364719
142795,1250784
124449,1094584
108823,960520
96605,847020
80094,691927
38363,352048
39690,366382
54958,509918
60601,562134
77314,716768
95527,888396
110843,1037069
122374,1149101
135512,1280203
142270,1340145
169146,1606295
189515,1779827
188142,1783842
200194,1868024
208271,1979016
202734,1891844
192189,1806934
186929,1739318
142262,1341501
127180,1194448
123,99
200,124
154,95
175,105
31,26
69,1
67,7
76,1
84,7
77,2
83,6
106,3
106,10
106,7
128,3
111,5
143,14
98,9
75,5
107,8
125,11
0,0
0,0
118995,420963
135425,477017
160753,565037
209227,735205
258381,898154
308483,1059795
365591,1260415
396128,1354869
451024,1535222
475172,1609642
470500,1591066
477236,1607365
438903,1469466
414418,1388540
330155,1110868
307405,1034614
275661,922446
233829,787980
180555,612448
101253,344391
166,3
93,5
111,8
114,5
107,11
114,10
110,7
113,12
121,12
96,10
105,8
320,6
303,10
255,10
335,14
340,10
355,8
232,7
261,10
186,7
318,13
362,12
343,4
306,10
210,4
203,14
207,13
342,15
314,11
381,16
361,10
363,16
387,10
324,11
353,18
375,15
404,19
407,16
386,20
251,14
0,0
117,9
356,8
204,5
351,16
272,10
250,13
184,14
155,7
353,22
279,16
337,10
362,22
324,12
398,12
322,8
416,12
436,15
359,10
365,14
79171,288528
105555,382484
141733,517136
161569,592192
232923,844806
292857,1053575
286096,1023981
311997,1110864
360228,1281067
455586,1604851
481617,1686809
515814,1799214
532157,1844902
508296,1755379
509378,1755353
499655,1736114
426290,1481160
351525,1228606
325383,1137291
281000,987097
264,8
354,20
359,13
427,11
451,11
402,11
303,15
279,12
167,8
336,14
429,19
360,17
385,6
338,8
232,8
141504,562451
184721,740201
213455,843622
228403,895368
335678,1312489
408095,1586494
277099,1066198
466001,1789694
498425,1904171
507423,1922935
506886,1912476
503590,1904436
499163,1891469
322942,1228598
326048,1257173
342320,1315375
231071,893942
201219,781200
185972,720197
155274,602029
104,145
87,111
97,119
69,114
75,103
87,37
10,127
41,37
89,6
89,5
213,4
211,10
214,9
182,9
119,2
113,5
112,7
75,3
88,4
85,5
89,5
98,7
188,1
250,8
252,8
292,15
310,9
320,5
270,11
240,4
212,8
153,4
262,7
312,6
305,9
336,10
342,10
381,8
305,13
299,6
221,10
186,17
154,6
157508,1454100
131680,1224236
88918,826461
72870,670623
69388,643930
46436,425167
37651,342898
24673,224276
20715,186568
12679,112757
10558,93407
11863,105028
9886,88486
10200,92816
4950,44137
6183,54201
173368,1572055
167969,1528448
154203,1413266
164185,1494463
166079,1518754
160335,1469822
134464,1244296
202063,1809224
170102,1521994
173696,1565542
170578,1533239
155076,1401334
136411,1228328
131546,1176772
206361,1812514
189667,1669014
192303,1692428
191014,1681196
187155,1646648
181577,1583304
171851,1513555
59,4
85,11
63,8
78,7
91,7
74,6
67,5
91,8
75,7
82,7
72,6
59,4
80,6
87,9
97,13
62,4
89,9
86,9
95,3
87,4
83,6
59,6
35,7
41,7
36,8
44,3
57,7
74,4
62,8
49,6
57,6
76,4
79,14
99,8
93,10
126,9
110,8
144,14
132,15
171,12
223,15
223,9
283,21
341,18
62,7
93,6
102,6
153,8
323,10
357,11
419,14
362,15
358,14
307,11
223,13
445,13
411,9
327,8
272,9
394,13
348,16
380,6
352,11
366,17
371,3
388,7
320,11
226,6
329,21
235,10
368,15
379,10
376,12
404,13
247,8
196,7
356,13
332,10
391,18
431,13
370,8
395,20
302,6
347,12
410,12
454,11
402,13
395,22
335,7
286,10
404,16
473,16
408,15
422,13
357,17
391,9
426,9
422,11
406,14
368239,1333900
379206,1359393
377289,1346866
327404,1173554
293513,1067571
289785,1052557
298756,1084919
342829,1260714
331168,1209900
344801,1242159
392254,1399497
432401,1545133
422490,1512306
378381,1347461
448967,1656245
309551,1140272
365800,1346715
404860,1493385
431813,1583080
414816,1514221
404249,1491728
444511,1746553
279830,1093681
367317,1435823
407945,1572390
392871,1508518
305070,1174884
395831,1535909
201903,1828765
155512,1417087
163566,1505924
184340,1700677
188638,1738745
194720,1800022
196805,1792952
194649,1810526
144772,1358726
186047,1787799
207041,1979876
173229,1666888
173232,1675463
199122,1919087
226,144
350,15
286,9
380,9
314,8
299,10
181,9
293,6
333,9
328,13
374,8
128,11
262,9
235,9
319,13
209,5
322,9
319,6
344,9
253,6
252,12
275,8
434,14
292,5
348,14
296,11
312,10
208,8
349,6
314,12
233,7
263,14
271,8
305,10
325,8
327,10
319,7
293,8
239,4
259,11
263,15
260,10
382,12
325,8
353,7
296,9
267,9
272,5
247,9
281,11
328,15
362,13
383,7
320,8
275,9
271,8
364,12
349,12
308,7
222,14
331,6
313,9
292,9
273,3
222,5
203,8
310,7
269,7
339,6
314,11
323,4
307,11
314,8
484212,1721360
288868,1037689
406693,1446538
493917,1754408
468448,1669718
398417,1427247
412650,1444024
118,64
230043,2030039
225701,2040279
215510,2004651
191016,1760695
174399,1616600
158268,1483599
143874,1351206
192609,1861032
175672,1686496
177681,1745775
208371,2070867
201100,1996899
211657,2072512
207111,2009703
1,3
3,1
1,3
1,0
2,2
2,1
2,2
1,0
3,1
3,3
2,1
1,0
1,5
0,0
468815,1738549
518957,1910513
523230,1915575
527620,1927371
529671,1925753
527136,1922941
516096,1874854
108,5
130,9
119,7
145,11
131,11
150,4
137,6
113,6
94,8
96,8
93,9
133,8
136,10
123,6
112,8
126,8
128,10
215,13
212,10
184,9
216,17
344,14
359,7
300,11
414,8
341,12
264,9
322,16
444,18
432,17
312,8
263,5
262,7
149,3
231,6
179,7
159,7
135,5
118,5
96,8
67,3
54,5
0,0
301,11
293,6
308,9
253,3
297,8
222,3
146,5
189,9
156,5
91,4
235,10
258,5
305,8
250,9
221,6
231,10
161,5
151,4
100,3
113,7
61,3
188,8
294,8
352,7
256,5
266,13
236,6
227,9
269,11
110,6
156,6
160,9
319,14
302,15
258,8
283,9
212,3
187,4
327,7
205,7
270,3
255,6
264,8
191,4
148,2
116,4
153,4
51,2
202,10
274,7
263,5
245,8
170,3
185,5
206,3
161,6
144,6
0,0
207,6
279,16
147,5
311,2
112,2
200,5
184,7
134,4
230,11
277,10
242,8
284,6
292,6
293,10
215,5
239,5
119,1
122,6
117,7
228,10
294,9
365,12
283,6
253,10
317,12
265,7
221,9
202,13
302,6
277,9
288,8
463,11
321,6
295,12
286,9
318,11
263,10
346,8
335,13
305,14
295,7
246,13
176,9
150,8
119,6
120,9
292,6
213,6
263,9
275,7
225,6
184,4
186,7
262,9
165,7
149,3
165,4
0,0
548898,1898690
552019,1909136
550285,1907493
547737,1911208
548190,1909265
546847,1910538
550969,1902823
547044,1887891
554903,1899401
554561,1899093
558956,1906743
560308,1905790
557611,1910419
559416,1907274
197139,1783300
163196,1490213
151651,1400940
133347,1215634
134929,1230328
111782,1019375
106299,969742
234160,2157703
195680,1817604
195873,1783642
178685,1613677
156626,1421556
140985,1265064
140248,1253058
252814,2170115
256594,2196888
256799,2201681
255513,2202215
241058,2085857
254817,2195903
255730,2191907
64,44
93,66
94,69
101,72
100,66
88,71
92,60
86,57
89,52
107,51
72,51
150,7
170,11
216,10
261,7
249,7
266,11
198,8
190,6
239,7
152,8
122,12
209,11
285,14
317,6
346,10
383,8
364,14
363,13
307,5
272,7
271,13
288,8
506949,1952018
514378,1965436
518308,1967009
516410,1967886
517069,1964230
512849,1959391
509546,1957717
7,3
7,2
8,3
8,3
7,9
1,3
3,4
8,3
6,8
6,1
4,1
5,5
7,6
14,5
13,4
16,8
13,12
14,3
17,11
20,3
6,6
9,4
5,6
7,2
14,3
8,3
10,6
9,7
17,4
16,7
15,9
30,11
30,8
23,10
23,5
20,6
12,6
22,10
13,10
30,9
37,13
38,10
44,10
27,9
32,7
16,10
23,8
13,10
18,6
16,7
27,14
18,9
23,11
44,14
33,11
18,9
10,4
15,8
11,2
15,4
11,8
13,6
21,10
8,9
22,8
12,4
13,7
13,1
6,5
5,5
11,3
7,8
13,2
8,3
12,10
14,5
12,3
11,4
8,2
19,3
11,4
11,6
10,4
21,7
36,9
29,15
44,16
46,22
34,11
16,9
17,6
32,12
23,10
32,14
49,17
58,13
59,14
46,11
58,14
27,1
19,4
19,7
21,7
14,9
17,13
23,7
24,8
24,8
14,7
22,8
20,7
25,4
29,4
38,11
34,13
42,12
49,19
32,12
19,11
17,14
36,5
32,7
47,13
45,17
53,18
50,13
39,2
27,3
29,6
7,1
16,13
25,4
19,8
30,1
30,11
18,4
29,3
27,9
4,5
6,4
1,5
7,5
4,5
1,8
4,10
2,8
5,8
4,11
10,8
7,11
8,8
3,10
4,11
8,19
6,35
5,32
6,25
9,24
4,19
11,34
12,36
13,64
10,104
10,134
8,140
18,127
8,118
15,86
11,60
5,59
21,28
6,70
12,76
13,128
16,130
11,130
14,136
12,75
8,52
8,44
8,37
7,37
4,38
8,68
12,81
6,57
16,104
8,101
9,70
7,44
5,32
5,20
4,17
7,15
4,16
8,18
8,17
11,17
7,16
4,13
8,10
7,5
5,13
3,6
7,8
4,9
8,18
7,18
10,25
12,31
12,24
7,28
2,26
16,22
14,34
13,67
15,58
17,103
18,134
29,202
26,180
12,152
18,107
14,54
7,49
18,28
8,29
12,45
24,59
28,77
22,94
24,73
17,44
12,53
12,24
19,23
16,17
15,11
28,22
36,25
45,19
53,22
48,18
42,19
28,10
34,17
28,7
28,12
26,7
40,10
92,19
107,22
126,36
103,27
77,17
36,20
38,13
17,9
17,11
36,10
