Detuning,Channel 3 Efficiency,Channel 4 Efficiency
-12.0,0.0007917405624524956,0.0039587028122624775
-11.8,0.0052858512863496665,0.003775608061678333
-11.600000000000001,0.002952029520295203,0.003690036900369004
-11.400000000000002,0.0006872852233676975,0.00549828178694158
-11.200000000000003,0.0026961445133459154,0.0067403612833647885
-11.000000000000004,0.0013895836807292536,0.005558334722917014
-10.800000000000004,0.0036290527446525907,0.005806484391444145
-10.600000000000005,0.0026819178394469887,0.007375274058479219
-10.400000000000006,0.0067422245295612835,0.005393779623649027
-10.200000000000006,0.00472972972972973,0.007432432432432433
-10.000000000000007,0.00546660926726936,0.00546660926726936
-9.800000000000008,0.0020339120943192834,0.006779706981064278
-9.600000000000009,0.0027407397256519533,0.007537034245542872
-9.40000000000001,0.005423728813559322,0.01288135593220339
-9.20000000000001,0.004028548983798519,0.023499869072158026
-9.00000000000001,0.0034134352812670667,0.02184598580010923
-8.800000000000011,0.004058194509262829,0.01690914378859512
-8.600000000000012,0.006132126894145862,0.016352338384388966
-8.400000000000013,0.0026774120135477047,0.012717707064351599
-8.200000000000014,0.0074875774283574975,0.0231434211421959
-8.000000000000014,0.008135593220338983,0.02440677966101695
-7.800000000000015,0.008938946992044337,0.044007123653141356
-7.600000000000016,0.006880797071532767,0.07156028954394077
-7.400000000000016,0.007575757575757576,0.10151515151515152
-7.200000000000017,0.005479452054794521,0.0958904109589041
-7.000000000000018,0.01245674740484429,0.08788927335640138
-6.8000000000000185,0.0053872053872053875,0.07946127946127945
-6.600000000000019,0.010238907849829351,0.05870307167235495
-6.40000000000002,0.007438463619150663,0.040573437922639975
-6.200000000000021,0.003681017727781377,0.04343600918782025
-6.000000000000021,0.014093959731543624,0.018791946308724834
-5.800000000000022,0.004347826086956522,0.050724637681159424
-5.600000000000023,0.008026755852842809,0.050836120401337795
-5.4000000000000234,0.008729343351933549,0.08595045761903802
-5.200000000000024,0.011039736150306009,0.08969785622123631
-5.000000000000025,0.008764940239043825,0.10358565737051792
-4.800000000000026,0.009729992702505474,0.09451992911005316
-4.600000000000026,0.008137579341398578,0.050859870883741116
-4.400000000000027,0.005779970955645948,0.03756981121169866
-4.200000000000028,0.005423728813559322,0.029830508474576273
-4.000000000000028,0.0054421768707483,0.025170068027210883
-3.800000000000029,0.005307734886224912,0.028055170112903104
-3.60000000000003,0.0027426753426630004,0.026055415755298506
-3.4000000000000306,0.005373130318559464,0.04567160770775544
-3.2000000000000313,0.008059208317102983,0.05439965614044514
-3.000000000000032,0.004185764215901718,0.03976476005106632
-2.8000000000000327,0.010958904109589041,0.07123287671232877
-2.6000000000000334,0.005446252297637688,0.0687589352576758
-2.400000000000034,0.006075826312378484,0.047256426874054874
-2.200000000000035,0.0047457627118644066,0.029830508474576273
-2.0000000000000355,0.0033359131061354115,0.021349843879266632
-1.8000000000000362,0.003360260218551325,0.0134410408742053
-1.600000000000037,0.002696471666823961,0.011460004584001834
-1.4000000000000377,0.004810996563573883,0.010309278350515464
-1.2000000000000384,0.0027333980237532287,0.010933592095012915
-1.000000000000039,0.005479452054794521,0.012328767123287671
-0.8000000000000398,0.005411145607164357,0.011498684415224258
-0.6000000000000405,0.008063865817272801,0.012462338081239784
-0.4000000000000412,0.004737476143423706,0.010828516899254185
-0.20000000000004192,0.002726690207092121,0.008861743173049393
-4.263256414560601e-14,0.0054680291172550495,0.006835036396568813
0.19999999999995666,0.007187005893344832,0.005133575638103452
0.39999999999995595,0.003977218492475103,0.010340768080435266
0.5999999999999552,0.002044028371113791,0.004088056742227582
0.7999999999999545,0.00470079443425939,0.005372336496296445
0.9999999999999538,0.00289061201482884,0.006503877033364889
1.199999999999953,0.005555555555555556,0.0125
1.3999999999999524,0.004715582980787367,0.012125784807738946
1.5999999999999517,0.006756756756756757,0.016891891891891893
1.799999999999951,0.008090778535164546,0.020901177882508414
1.9999999999999503,0.008602150537634409,0.017204301075268817
2.1999999999999496,0.0046837467297411225,0.01873498691896449
2.399999999999949,0.001346855765216103,0.01750912494780934
2.599999999999948,0.010926498808328723,0.015023935861451995
2.7999999999999474,0.012395303950560446,0.03010288102278965
2.9999999999999467,0.00909294387555257,0.04686363382015556
3.199999999999946,0.010172801996581939,0.03933483438678349
3.3999999999999453,0.011382353335029526,0.06896367020635538
3.5999999999999446,0.015385798907608278,0.11453872520108385
3.799999999999944,0.019463087248322148,0.13557046979865772
3.999999999999943,0.01758265538671698,0.12172607575419447
4.1999999999999424,0.008117047829704337,0.10281593917625494
4.399999999999942,0.012121212121212121,0.07205387205387205
4.599999999999941,0.009491525423728813,0.03661016949152542
4.79999999999994,0.004786390241234068,0.033504731688638476
4.99999999999994,0.012903225806451613,0.02007168458781362
5.199999999999939,0.005369884346115896,0.01946583075467012
5.399999999999938,0.008393897636418323,0.031477116136568714
5.5999999999999375,0.01679155384841425,0.041279236544018355
5.799999999999937,0.018997733841748878,0.05224376806480942
5.999999999999936,0.015671748112266706,0.0669611055705941
6.199999999999935,0.01611268135158542,0.04900940577773899
6.399999999999935,0.012014134275618375,0.031095406360424026
6.599999999999934,0.008114907084313883,0.03584083962238632
6.799999999999933,0.013872832369942197,0.027745664739884393
6.9999999999999325,0.01376941306065064,0.01666823686289288
7.199999999999932,0.012709306389603787,0.013503638038954022
7.399999999999931,0.01014315370935131,0.007438312720190961
7.59999999999993,0.019001343666444986,0.014929627166492487
7.79999999999993,0.02443975261539297,0.01697205042735623
7.999999999999929,0.0327735131749523,0.013837705562757634
8.199999999999928,0.03559220732124989,0.01477412379372637
8.399999999999928,0.03334051080440928,0.012502691551653481
8.599999999999927,0.028299217054994812,0.012802026762973841
8.799999999999926,0.01894067509977677,0.0067645268213488464
8.999999999999925,0.022929438026449783,0.011464719013224892
9.199999999999925,0.02125221060940714,0.005313052652351785
9.399999999999924,0.019671762589928057,0.008430755395683453
9.599999999999923,0.017942913929222107,0.004830784519405951
9.799999999999923,0.02817873773344323,0.007044684433360807
9.999999999999922,0.061580888505123936,0.012717792191275595
10.199999999999921,0.072422568767598,0.014890621615767815
10.39999999999992,0.08497895759145355,0.024279702168986728
10.59999999999992,0.0691892763339088,0.01813699476714114
10.799999999999919,0.05202702702702702,0.011486486486486487
10.999999999999918,0.024526502248262708,0.01362583458236817
11.199999999999918,0.027466967357677743,0.009396594096047647
11.399999999999917,0.01164854290432435,0.006166875655230539
11.599999999999916,0.011604095563139932,0.007508532423208192
11.799999999999915,0.02440677966101695,0.006779661016949152
