Piezo Voltage (V),Fluorescence Rate (cps),Valid Pulses
-5.0,5293.385096370512,471894
-4.5,5355.725721512732,477573
-4.0,5394.666666666667,500000
-3.5,5337.324939651213,477502
-3.0,5292.5,500000
-2.5,5312.399718844115,474707
-2.0,5271.423818958417,473939
-1.5,5401.129183747655,475919
-1.0,5339.405325643255,479579
-0.5,5417.5350636076655,475493
0.0,5318.690327276839,471670
0.5,5381.913561515306,477835
1.0,5382.191477486653,477191
1.5,5395.953219932229,473364
2.0,5396.575921560108,469557
2.5,5403.355667628302,470726
3.0,5424.442446131132,477069
3.5,5364.009948644277,477519
4.0,5390.132881266618,480755
4.5,5292.939300735625,415837
5.0,5399.251779108155,431958
