Shift,Channel 3 Efficiency,Channel 4 Efficiency
-0.001,0.13129251700680272,0.009523809523809525
-0.0009,0.12466666666666668,0.008
-0.0007999999999999999,0.11578947368421054,0.005741626794258373
-0.0006999999999999999,0.09739883802505125,0.003405553777099694
-0.0005999999999999998,0.14236960238690471,0.006811942697938026
-0.0004999999999999998,0.14119706874885277,0.0035299267187213195
-0.00039999999999999975,0.13034606539141352,0.004777080930575365
-0.0002999999999999997,0.12987742379354403,0.00491428090029626
-0.00019999999999999966,0.1141954857537607,0.005639283247099293
-9.999999999999961e-05,0.15862604412079676,0.004015849218248019
4.336808689942018e-19,0.1114864864864865,0.0060810810810810806
0.00010000000000000048,0.1340915811116536,0.0130653335442124
0.00020000000000000052,0.15727124183006536,0.008169934640522875
0.00030000000000000057,0.14696533668733294,0.00615203734970231
0.0004000000000000006,0.1267123287671233,0.00684931506849315
0.0005000000000000007,0.1260855493823831,0.004719779923404714
0.0006000000000000007,0.09567201225672213,0.005352280405970469
0.0007000000000000008,0.13666666666666666,0.004
0.0008000000000000008,0.0991135231045405,0.004158609361029672
0.0009000000000000008,0.16357388316151203,0.008247422680412371
