866 Shift,Channel 3 Efficiency,Channel 4 Efficiency
-0.005,0.14408602150537633,0.00931899641577061
-0.0045000000000000005,0.1782312925170068,0.006802721088435374
-0.004000000000000001,0.11869721233078785,0.009605554755092659
-0.0035000000000000014,0.17508650519031144,0.008304498269896193
-0.003000000000000002,0.15778546712802768,0.006228373702422145
-0.0025000000000000022,0.15104895104895105,0.004895104895104895
-0.0020000000000000026,0.10526315789473684,0.008906882591093119
-0.001500000000000003,0.1616724738675958,0.006271777003484321
-0.0010000000000000035,0.12852233676975944,0.00549828178694158
-0.0005000000000000039,0.11456065986940084,0.004909742565831465
-4.336808689942018e-18,0.1232876712328767,0.008219178082191782
0.0004999999999999952,0.148014440433213,0.009386281588447653
0.0009999999999999948,0.1204225352112676,0.008450704225352112
0.0014999999999999944,0.14353694839033565,0.004949549944494333
0.001999999999999994,0.08637412740891778,0.009203800461605993
0.0024999999999999935,0.10515463917525775,0.003436426116838488
0.002999999999999993,0.12946835176250085,0.003763614876816885
0.0034999999999999936,0.126238809002133,0.006529593569075846
0.003999999999999992,0.14695340501792115,0.005017921146953405
0.004499999999999991,0.11382183661197492,0.0050110242533573865
0.004999999999999991,0.06898954703832752,0.004878048780487805
