Angle (deg),Channel 3 Avg Count Rate,Channel 4 Avg Count Rate
4.2,640492.5,688197.25
9.2,793842.75,418708.0
14.2,931348.5,199976.5
19.2,1016005.0,52392.0
24.2,1069928.25,74.25
29.2,1030103.5,50655.75
34.2,943760.0,198111.25
39.2,811508.25,421047.5
44.2,645857.25,686531.25
49.2,467655.75,964261.25
54.2,281336.0,1172891.0
59.2,131562.0,1327112.25
64.2,34235.75,1425108.25
69.2,17.25,1442247.0
74.2,34415.0,1453513.25
79.2,130938.0,1338137.0
84.2,280635.75,1188079.25
89.2,459445.0,965832.75
94.2,636178.5,694969.5
99.2,789541.25,422852.0
104.2,926364.25,205026.5
109.2,998248.0,54052.0
114.2,1053286.5,37.0
119.2,1006229.5,48888.25
124.2,911717.5,192258.75
129.2,758598.5,395982.5
134.2,629505.75,676362.0
139.2,443746.5,924975.0
144.2,278497.75,1179857.0
149.2,128637.25,1328267.0
154.2,32284.5,1371156.25
159.2,108.75,1419632.0
164.2,30534.25,1340798.25
169.2,110422.75,1171806.75
174.2,244495.5,1068414.0
179.2,382198.0,822613.25
184.2,449174.5,493715.25
