x1,y1,rate1,x2,y2,rate2
65,137101,377689,20,86368,362405
65.1,124304,369297,20.1,79003,363809
65.2,114381,373687,20.2,71093,356918
65.3,107874,372028,20.3,68985,364586
65.4,96705,368996,20.4,63794,362383
65.5,92797,373214,20.5,59141,362241
65.6,85770,368274,20.6,54111,365795
65.7,78704,373614,20.7,48683,364583
65.8,69566,363947,20.8,45504,370161
65.9,64040,366462,20.9,40954,363849
66,56321,371977,21,37423,363686
66.1,52666,372177,21.1,32374,367484
66.2,48230,373830,21.2,28963,363203
66.3,42228,375727,21.3,25669,359699
66.4,37214,376421,21.4,23203,368594
66.5,32812,369750,21.5,19917,364920
66.6,26589,370465,21.6,16814,366108
66.7,24773,376906,21.7,14161,362976
66.8,20540,376020,21.8,12181,363501
66.9,16658,358889,21.9,10189,361595
67,13828,366107,22,7748,357416
67.1,11129,378770,22.1,6357,361921
67.2,8964,376240,22.2,4842,365936
67.3,6906,372194,22.3,3627,362910
67.4,5091,378327,22.4,2535,362374
67.5,3626,384507,22.5,1632,366545
67.6,2421,369345,22.6,1077,361630
67.7,1617,374395,22.7,651,361412
67.8,1075,385773,22.8,381,363383
67.9,865,376662,22.9,394,366346
68,1037,371165,23,510,364034
68.1,1501,370289,23.1,880,369605
68.2,2113,378758,23.2,1497,358286
68.3,3356,370284,23.3,2318,365603
68.4,4630,363446,23.4,3267,362434
68.5,6711,375561,23.5,4367,364205
68.6,8374,375489,23.6,5720,369256
68.7,10883,365321,23.7,7542,361916
68.8,13606,374875,23.8,9097,367115
68.9,16547,374420,23.9,10979,360865
69,20737,376256,24,13097,362224
69.1,23831,376074,24.1,16382,365510
69.2,26338,368701,24.2,18541,368898
69.3,32291,372423,24.3,21216,366731
69.4,35564,366435,24.4,24243,366776
69.5,41190,378958,24.5,27002,356874
69.6,46758,378662,24.6,31866,370823
69.7,51990,377102,24.7,34988,366922
69.8,56611,361823,24.8,37793,366836
69.9,64242,376398,24.9,40916,365163
70,72599,373313,25,46405,365041
70.1,76657,372023,25.1,51034,368776
70.2,82284,374883,25.2,56023,364996
70.3,90315,364695,25.3,61209,370510
70.4,101117,373975,25.4,65800,367200
70.5,107972,366331,25.5,69576,361470
70.6,119807,372674,25.6,74535,361762
70.7,125544,376526,25.7,76818,363156
70.8,134192,371619,25.8,89006,368266
70.9,142251,371519,25.9,92302,363026
71,150724,369982,26,98916,366089
