Angle (deg),Channel 3 Raw Counts,Channel 4 Raw Counts,Valid Runs,,,,,,Channel 4,angle
63,8184925,393768,378571,21.62058108,1.040143064,,,,36.13042806,21.4
63.1,7852494,362030,369748,21.23742116,0.979126324,,,,0.002296489,67.9
63.2,7911400,350958,364666,21.69492083,0.962409438,,,ER,15732.90092,
63.3,7669800,324037,360834,21.2557575,0.898022359,,,,,
63.4,8166384,331598,379586,21.51392306,0.873578056,,,,,
63.5,7874401,304230,372402,21.1448945,0.816939759,,,,Channel 3,angle
63.6,7592369,281087,365253,20.78660271,0.769567943,,,,22.52642758,68.5
63.7,7908764,278858,364551,21.69453382,0.764935496,,,,0.001048481,22.8
63.8,8073256,271719,367247,21.98317753,0.739880789,,,ER,21484.83159,
63.9,8151815,261005,372894,21.8609444,0.69994422,,,,,
64,8042794,245415,370747,21.6934837,0.661947366,,,,,
64.1,7776115,224905,368070,21.12672861,0.611038661,,,,,
64.2,7644280,210085,365497,20.91475443,0.57479268,,,,,
64.3,7885086,204663,368478,21.3990686,0.555428004,,,,,
64.4,7954509,194519,365973,21.73523457,0.531511887,,,,,
64.5,8172349,189606,382547,21.36299331,0.495641058,,,,,
64.6,7791986,170642,371949,20.94907097,0.458777951,,,,,
64.7,7999872,163858,380123,21.04548265,0.431065734,,,,,
64.8,7952994,153549,376661,21.11446101,0.407658345,,,,,
64.9,7695405,138740,371686,20.70404858,0.373272063,,,,,
65,8133218,137101,377689,21.534167,0.362999717,,,,,
65.1,7927640,124304,369297,21.46684105,0.33659629,,,,,
65.2,7878637,114381,373687,21.08351909,0.306087715,,,,,
65.3,7972205,107874,372028,21.42904566,0.289962046,,,,,
65.4,7655619,96705,368996,20.74715986,0.262076012,,,,,
65.5,8054075,92797,373214,21.58031317,0.24864287,,,,,
65.6,8099004,85770,368274,21.99178872,0.232897245,,,,,
65.7,8129889,78704,373614,21.76012944,0.210655918,,,,,
65.8,7827035,69566,363947,21.50597477,0.191143216,,,,,
65.9,7972652,64040,366462,21.75574002,0.174752089,,,,,
66,7789582,56321,371977,20.9410313,0.151409899,,,,,
66.1,8073664,52666,372177,21.69307614,0.141507938,,,,,
66.2,8220389,48230,373830,21.98964503,0.129015863,,,,,
66.3,8137351,42228,375727,21.65761577,0.112390113,,,,,
66.4,8096692,37214,376421,21.50967135,0.09886271,,,,,
66.5,8199030,32812,369750,22.17452333,0.088741041,,,,,
66.6,7649743,26589,370465,20.64903027,0.071771962,,,,,
66.7,8356451,24773,376906,22.17118061,0.065727264,,,,,
66.8,8254566,20540,376020,21.95246529,0.054624754,,,,,
66.9,7870664,16658,358889,21.93063593,0.046415466,,,,,
67,8080039,13828,366107,22.07015709,0.037770379,,,,,
67.1,8148600,11129,378770,21.51331943,0.029381947,,,,,
67.2,8231014,8964,376240,21.87703062,0.023825218,,,,,
67.3,8199619,6906,372194,22.03049754,0.01855484,,,,,
67.4,8247337,5091,378327,21.79949356,0.013456613,,,,,
67.5,8291699,3626,384507,21.56449427,0.009430257,,,,,
67.6,8236931,2421,369345,22.30145528,0.006554847,,,,,
67.7,8218012,1617,374395,21.95011151,0.004318968,,,,,
67.8,8217926,1075,385773,21.30249136,0.002786613,,,,,
67.9,8323509,865,376662,22.09808529,0.002296489,,,,,
68,8161296,1037,371165,21.98832325,0.002793906,,,,,
68.1,8199563,1501,370289,22.14368507,0.004053591,,,,,
68.2,8087328,2113,378758,21.35223018,0.00557876,,,,,
68.3,8221315,3356,370284,22.20272818,0.009063314,,,,,
68.4,8187140,4630,363446,22.52642758,0.012739169,,,,,
68.5,8435257,6711,375561,22.46041788,0.017869268,,,,,
68.6,8006997,8374,375489,21.32418526,0.022301585,,,,,
68.7,8067342,10883,365321,22.08288601,0.029790239,,,,,
68.8,8205568,13606,374875,21.88881094,0.036294765,,,,,
68.9,8083241,16547,374420,21.58869986,0.044193686,,,,,
69,8319137,20737,376256,22.11031053,0.055114071,,,,,
69.1,8295624,23831,376074,22.05848849,0.063367848,,,,,
69.2,7806749,26338,368701,21.17365833,0.071434577,,,,,
69.3,8215619,32291,372423,22.05991306,0.086705171,,,,,
69.4,7966277,35564,366435,21.73994569,0.097054048,,,,,
69.5,8104978,41190,378958,21.38753635,0.108692784,,,,,
69.6,8118657,46758,378662,21.44037955,0.123482156,,,,,
69.7,8017885,51990,377102,21.26184693,0.137867208,,,,,
69.8,7818759,56611,361823,21.60934766,0.156460479,,,,,
69.9,8049667,64242,376398,21.38605147,0.170675721,,,,,
70,8237364,72599,373313,22.06556964,0.194472199,,,,,
70.1,7987796,76657,372023,21.47124237,0.206054464,,,,,
70.2,7859675,82284,374883,20.96567462,0.219492482,,,,,
70.3,7932372,90315,364695,21.75070127,0.247645293,,,,,
70.4,8187457,101117,373975,21.8930597,0.270384384,,,,,
70.5,8069082,107972,366331,22.02675176,0.294738911,,,,,
70.6,8256431,119807,372674,22.15456673,0.321479363,,,,,
70.7,8081236,125544,376526,21.4626241,0.333427174,,,,,
70.8,8093439,134192,371619,21.77886222,0.36110102,,,,,
70.9,8072530,142251,371519,21.72844457,0.382890242,,,,,
71,7922864,150724,369982,21.41418772,0.407381981,,,,,
71.1,7944311,159621,375681,21.14642742,0.42488441,,,,,
71.2,7873354,169131,370591,21.24539992,0.456381833,,,,,
71.3,8130338,184843,378355,21.48864955,0.488543828,,,,,
71.4,7793725,189131,373061,20.89128856,0.50697071,,,,,
71.5,7844567,200695,380436,20.6199387,0.527539455,,,,,
71.6,8190343,221658,372098,22.01125241,0.595697908,,,,,
71.7,7923854,225602,368497,21.50317099,0.612222081,,,,,
71.8,7865922,235189,370539,21.22832414,0.634721311,,,,,
71.9,7598346,239038,373383,20.35000522,0.640195188,,,,,
72,7774254,257372,361749,21.49074082,0.711465685,,,,,
72.1,7922872,275346,369232,21.45770681,0.745726264,,,,,
72.2,7850001,285316,374324,20.97113997,0.762216689,,,,,
72.3,7591092,289817,373649,20.31610415,0.775639705,,,,,
72.4,7863283,314110,381977,20.58574993,0.822326999,,,,,
72.5,7777201,323860,376394,20.66239366,0.860428168,,,,,
72.6,7737926,336018,369702,20.93017079,0.908888781,,,,,
72.7,8030872,364874,380923,21.082665,0.957868126,,,,,
72.8,7908424,373726,374592,21.11210063,0.997688151,,,,,
72.9,7667018,377954,379522,20.20177486,0.995868487,,,,,
73,7846329,400539,376811,20.82298287,1.062970561,,,,,
73.1,7582471,404174,363592,20.85433948,1.111614117,,,,,
73.2,7600407,420188,366378,20.74471448,1.146870172,,,,,
73.3,7801241,446821,366934,21.2606109,1.217714902,,,,,
73.4,7651140,454988,374406,20.43540969,1.215226252,,,,,
73.5,7905141,489039,372879,21.20028481,1.311521968,,,,,
73.6,7650741,489367,367012,20.84602411,1.33338147,,,,,
73.7,7367114,488685,369815,19.92107946,1.321430986,,,,,
73.8,7645272,525324,370655,20.62638302,1.417285616,,,,,
73.9,7481315,531415,369296,20.25831582,1.438994736,,,,,
74,7726042,569040,375456,20.57775612,1.515597034,,,,,
74.1,7892493,598871,376512,20.9621287,1.59057613,,,,,
74.2,7483644,585647,385035,19.43626943,1.521022764,,,,,
74.3,7505214,607434,369470,20.31345982,1.644068531,,,,,
74.4,7520429,629575,375540,20.02564041,1.676452575,,,,,
74.5,7348250,633290,375700,19.55882353,1.68562683,,,,,
74.6,7568386,672650,368013,20.5655398,1.827788692,,,,,
74.7,7645317,702355,374691,20.40432516,1.874491247,,,,,
74.8,7432935,701037,367914,20.20291427,1.90543714,,,,,
74.9,7758728,753093,373844,20.75391875,2.014457902,,,,,
75,7399188,739057,379180,19.51365578,1.949092779,,,,,
18,239836,12574506,361772,0.662947934,34.75809626,,,,,
18.1,226376,12357813,357956,0.632412922,34.52327381,,,,,
18.2,221910,12650624,361536,0.613797796,34.9913259,,,,,
18.3,217875,13001579,369388,0.589826957,35.19762147,,,,,
18.4,208019,12888516,364995,0.569922876,35.31148646,,,,,
18.5,197924,12860462,365200,0.54196057,35.21484666,,,,,
18.6,189533,12888279,361448,0.524371417,35.6573532,,,,,
18.7,180107,12863057,366630,0.491250034,35.084573,,,,,
18.8,168085,12504003,358765,0.468510027,34.8529065,,,,,
18.9,163129,12784203,366383,0.445241728,34.89300268,,,,,
19,153847,12709471,360927,0.426255171,35.21341158,,,,,
19.1,146766,12751327,357021,0.411085062,35.71590187,,,,,
19.2,138733,12743341,368574,0.376404738,34.57471498,,,,,
19.3,136413,13153902,366752,0.371948892,35.8659312,,,,,
19.4,125755,12810823,358322,0.350955286,35.75226472,,,,,
19.5,119993,13069524,372356,0.322253435,35.09953915,,,,,
19.6,108565,12615117,362988,0.299087022,34.75353731,,,,,
19.7,101487,12433662,355784,0.285248915,34.94722079,,,,,
19.8,97454,12811766,359416,0.271145414,35.64606473,,,,,
19.9,91589,12882856,361800,0.253148148,35.60767275,,,,,
20,86368,12960751,362405,0.238319008,35.76316828,,,,,
20.1,79003,12729220,363809,0.217155156,34.98874409,,,,,
20.2,71093,12361923,356918,0.199185807,34.63519072,,,,,
20.3,68985,12996800,364586,0.189214616,35.64810497,,,,,
20.4,63794,12964600,362383,0.176040267,35.77596079,,,,,
20.5,59141,12993303,362241,0.163264236,35.86922242,,,,,
20.6,54111,12927608,365795,0.147927118,35.34112823,,,,,
20.7,48683,12825798,364583,0.133530636,35.17936382,,,,,
20.8,45504,13223990,370161,0.122930292,35.72496832,,,,,
20.9,40954,13057093,363849,0.112557682,35.8860214,,,,,
21,37423,13129083,363686,0.102899204,36.10005059,,,,,
21.1,32374,12824449,367484,0.088096352,34.89797923,,,,,
21.2,28963,12762956,363203,0.079743284,35.1400071,,,,,
21.3,25669,12912949,359699,0.071362445,35.8993186,,,,,
21.4,23203,13272019,368594,0.062950021,36.00714879,,,,,
21.5,19917,13094909,364920,0.054579086,35.88432807,,,,,
21.6,16814,12993729,366108,0.045926339,35.4915189,,,,,
21.7,14161,12824284,362976,0.039013599,35.33094199,,,,,
21.8,12181,13126861,363501,0.033510224,36.11231056,,,,,
21.9,10189,13028112,361595,0.028177934,36.02956899,,,,,
22,7748,12649693,357416,0.021677821,35.39207254,,,,,
22.1,6357,13026530,361921,0.017564607,35.99274427,,,,,
22.2,4842,12795171,365936,0.013231822,34.96559781,,,,,
22.3,3627,12796262,362910,0.009994213,35.26015265,,,,,
22.4,2535,12859770,362374,0.006995535,35.48756257,,,,,
22.5,1632,12861799,366545,0.004452386,35.0892769,,,,,
22.6,1077,12769186,361630,0.002978182,35.31008489,,,,,
22.7,651,12916725,361412,0.001801268,35.73961296,,,,,
22.8,381,12550824,363383,0.001048481,34.53883093,,,,,
22.9,394,13157436,366346,0.001075486,35.91532595,,,,,
23,510,12842920,364034,0.001400968,35.27945192,,,,,
23.1,880,12816078,369605,0.00238092,34.67506663,,,,,
23.2,1497,12773003,358286,0.004178226,35.65029892,,,,,
23.3,2318,12930281,365603,0.006340211,35.36699918,,,,,
23.4,3267,12934921,362434,0.009014055,35.68903856,,,,,
23.5,4367,12852530,364205,0.0119905,35.2892739,,,,,
23.6,5720,13072370,369256,0.015490608,35.40191629,,,,,
23.7,7542,13076180,361916,0.02083909,36.13042806,,,,,
23.8,9097,12751488,367115,0.024779701,34.73431486,,,,,
23.9,10979,12552007,360865,0.03042412,34.78311003,,,,,
24,13097,12614823,362224,0.036157185,34.82602754,,,,,
24.1,16382,12975693,365510,0.044819567,35.50024076,,,,,
24.2,18541,12773122,368898,0.050260506,34.62507793,,,,,
24.3,21216,12682726,366731,0.057851668,34.58318495,,,,,
24.4,24243,12774043,366776,0.066097564,34.82791404,,,,,
24.5,27002,12552553,356874,0.075662559,35.17362711,,,,,
24.6,31866,13141239,370823,0.085933181,35.43803648,,,,,
24.7,34988,12894764,366922,0.095355416,35.14306583,,,,,
24.8,37793,12596267,366836,0.10302424,34.33759773,,,,,
24.9,40916,12200869,365163,0.112048592,33.41211733,,,,,
25,46405,12742112,365041,0.127122707,34.90597495,,,,,
25.1,51034,12677945,368776,0.138387531,34.37844382,,,,,
25.2,56023,12717295,364996,0.153489353,34.84228594,,,,,
25.3,61209,12850746,370510,0.165202019,34.68393836,,,,,
25.4,65800,12717528,367200,0.1791939,34.63379085,,,,,
25.5,69576,12429098,361470,0.192480704,34.38486735,,,,,
25.6,74535,12432559,361762,0.206033248,34.3666803,,,,,
25.7,76818,11852679,363156,0.21152893,32.63798202,,,,,
25.8,89006,12784836,368266,0.241689431,34.71630832,,,,,
25.9,92302,12496700,363026,0.254257271,34.42370519,,,,,
26,98916,12414929,366089,0.270196592,33.9123246,,,,,
26.1,102711,12146725,363084,0.282884952,33.45431085,,,,,
26.2,112403,12616279,362456,0.310114883,34.80775322,,,,,
26.3,115798,12197886,358692,0.322834075,34.00657389,,,,,
26.4,120387,11909010,357544,0.336705412,33.30781666,,,,,
26.5,132390,12396564,361981,0.365737428,34.2464494,,,,,
26.6,142408,12600442,362997,0.392311782,34.71224831,,,,,
26.7,146347,12345291,368188,0.397479005,33.52985703,,,,,
26.8,154347,12303619,360327,0.42835258,34.14570376,,,,,
26.9,161233,12237527,354834,0.45438994,34.48803384,,,,,
27,174001,12559205,364891,0.476857473,34.41905939,,,,,
27.1,184317,12654250,365495,0.504294176,34.62222465,,,,,
27.2,186308,12241048,363090,0.51311796,33.71353659,,,,,
27.3,198256,12346710,366457,0.54100754,33.69211122,,,,,
27.4,207103,12432583,368954,0.561324718,33.69683755,,,,,
27.5,214244,12237454,360508,0.594283622,33.94502757,,,,,
27.6,227600,12440066,365820,0.622163906,34.00597562,,,,,
27.7,231618,12151703,363055,0.637969454,33.47069452,,,,,
27.8,237513,11878760,360440,0.658952946,32.95627566,,,,,
27.9,253788,12271599,360151,0.704671096,34.07348307,,,,,
28,251801,11650846,359732,0.69996831,32.38757186,,,,,
28.1,261445,11663359,365057,0.71617583,31.94941886,,,,,
28.2,287403,12303181,368628,0.779655913,33.37560088,,,,,
28.3,289343,11904124,366793,0.78884548,32.45461064,,,,,
28.4,294092,11702076,364586,0.806646443,32.09688798,,,,,
28.5,306695,11736750,363986,0.842601089,32.24505888,,,,,
28.6,327584,12030697,365322,0.89669935,32.93176157,,,,,
28.7,326679,11609816,363531,0.898627627,31.93624753,,,,,
28.8,345382,11881660,369379,0.935034206,32.16658229,,,,,
28.9,340485,11338124,364474,0.934181862,31.1081833,,,,,
29,357687,11467330,364226,0.982046861,31.48410602,,,,,
29.1,374509,11654338,368705,1.015741582,31.60884176,,,,,
29.2,372232,11160552,358217,1.03912433,31.15584129,,,,,
29.3,375460,10941150,361592,1.038352618,30.25827452,,,,,
29.4,391067,11018596,372116,1.050927668,29.61064829,,,,,
29.5,407041,11073136,364740,1.115975764,30.35898448,,,,,
29.6,421923,11167047,363720,1.160021445,30.70231772,,,,,
29.7,444498,11387242,373307,1.19070363,30.50369267,,,,,
29.8,471551,11742739,372754,1.265046116,31.50265054,,,,,
29.9,468012,11297276,365904,1.279056802,30.87497267,,,,,
30,486322,11368461,374122,1.299902171,30.38704219,,,,,
