Angle (deg),Channel 3 Raw Counts,Channel 4 Raw Counts,Valid Runs
0.0,455695,689002,39898
2.5,365349,776492,39189
5.0,300986,907294,39136
7.5,177785,779052,37394
10.0,136992,905541,37828
12.5,88880,947109,35832
15.0,57310,1113410,37218
17.5,23661,1025800,39073
20.0,7734,1208468,37382
22.5,143,1299050,37954
25.0,4628,1222302,36804
27.5,21731,1224935,38060
30.0,53775,1247382,39264
32.5,83173,1036407,37083
35.0,142393,1066825,37128
37.5,199280,969571,38160
40.0,263950,873140,37600
42.5,321895,751334,38357
45.0,375837,619208,36220
47.5,453593,529848,37712
50.0,534327,436544,39784
52.5,558484,313738,37023
55.0,599761,222876,35411
57.5,543813,125060,36793
60.0,720424,92273,38267
62.5,729822,42272,37968
65.0,792803,13091,38618
67.5,769630,245,38448
70.0,724666,6567,39414
72.5,754237,32208,39346
75.0,723561,73899,39851
77.5,651573,122041,36747
80.0,596530,175455,37142
82.5,546829,234417,37675
85.0,403669,240621,37597
87.5,440051,354953,39490
90.0,261065,286804,35054
92.5,284207,429423,38213
95.0,242300,519502,39411
97.5,188970,593220,39782
100.0,143414,706366,39000
102.5,93942,769752,37855
105.0,54659,850312,37369
107.5,29202,1028409,38911
110.0,8582,1083664,36771
112.5,301,1132984,36279
115.0,3799,1200225,37718
117.5,18387,1165295,38469
120.0,46062,1151764,38341
122.5,80905,1064483,38215
125.0,123996,972461,38473
127.5,145791,736670,36897
130.0,246303,847311,37511
132.5,325328,782919,39266
135.0,372531,636860,36218
137.5,442337,537478,38678
140.0,503624,427381,39207
142.5,549236,319660,39013
145.0,594145,230824,37710
147.5,537484,131284,37301
150.0,681443,95656,39163
152.5,708006,48372,39835
155.0,638675,16513,36694
157.5,593532,4936,36280
160.0,762914,12505,38658
162.5,769825,38662,38910
165.0,699320,78259,39337
167.5,704983,144468,39605
170.0,607478,203212,38681
172.5,552738,282545,37473
175.0,489404,368243,36393
177.5,483871,520258,39235
180.0,392751,595217,37772
182.5,359507,768129,39241
185.0,230213,697248,38685
187.5,198057,875326,36174
190.0,142955,948473,36180
192.5,99780,1075107,37465
195.0,47475,921406,37773
197.5,27490,1185953,37639
200.0,8063,1253455,38104
202.5,169,1254334,37497
205.0,4000,1103428,39590
207.5,22026,1264607,39175
210.0,48237,1131893,36721
212.5,70786,896514,39523
215.0,135713,1032647,37728
217.5,186450,919844,36849
220.0,247781,830626,36965
222.5,326235,767246,37800
225.0,387522,644371,38773
227.5,456004,539368,38161
230.0,499168,415640,36349
232.5,619287,354306,39522
235.0,599983,226532,36002
237.5,627952,147491,35208
240.0,613696,80756,35921
242.5,636171,38283,35220
245.0,798032,13692,39977
247.5,649040,298,39438
250.0,807618,7246,39593
252.5,600734,25436,34182
255.0,716498,74980,38363
257.5,569932,111646,39616
260.0,606814,197085,37602
262.5,574752,286147,39344
265.0,495198,357827,36882
267.5,401538,412094,35258
270.0,391014,559854,39209
272.5,290376,582250,37656
275.0,177842,502867,35235
277.5,174891,724914,36646
280.0,134101,840397,38115
282.5,73431,749647,38186
285.0,52207,971950,39101
287.5,24720,1014723,36889
290.0,7094,993974,35530
292.5,295,1131329,37440
295.0,2594,886219,38336
297.5,17267,1135806,39365
300.0,44583,1181471,38886
302.5,79114,1084428,37810
305.0,132193,1085124,39791
307.5,181433,951085,38029
310.0,258068,915550,37811
312.5,296813,727965,36663
315.0,395242,684178,37912
317.5,426530,520003,36658
320.0,565572,487626,38715
322.5,570571,337592,37808
325.0,648633,254283,37494
327.5,728014,178486,39024
330.0,716766,100641,38061
332.5,764740,52758,38103
335.0,760198,19482,37831
337.5,785739,6555,38393
340.0,767335,12440,38182
342.5,739717,36852,38919
345.0,751898,83817,37638
347.5,664368,134288,36012
350.0,649823,214760,37958
352.5,631873,318504,38950
355.0,527576,391206,35563
357.5,506086,537486,39188
360.0,415362,625627,38376
